Name,Date,Time,Temperature,Description,Low/high,Humidity,Vision,Wind,UV index,Air quality
Hà Giang,11/09/2022,09:15,28°,Nhiều mây,21°/31°,72%,10 km,0.41 km/giờ,4.58,Tốt
Cao Bằng,11/09/2022,09:15,23°,Mưa nhẹ,21°/28°,97%,10 km,0.88 km/giờ,2.46,Tốt
Bắc Kạn,11/09/2022,09:15,26°,Mưa nhẹ,22°/29°,94%,6.36 km,0.06 km/giờ,4.68,Tốt
Tuyên Quang,11/09/2022,09:15,26°,Mây cụm,22°/29°,89%,10 km,0.44 km/giờ,4.78,Khá
Thái Nguyên,11/09/2022,09:15,28°,Mưa cường độ nặng,23°/32°,83%,10 km,0.37 km/giờ,4.8,Kém
Lạng Sơn,11/09/2022,09:15,27°,Mưa nhẹ,22°/30°,74%,10 km,1.16 km/giờ,4.47,Trung bình
Quảng Ninh,11/09/2022,09:15,29°,Nhiều mây,24°/33°,74%,10 km,0.95 km/giờ,5.19,Kém
Bắc Giang,11/09/2022,09:15,28°,Mưa nhẹ,24°/32°,73%,10 km,0.19 km/giờ,4.99,Kém
Phú Thọ,11/09/2022,09:15,27°,Nhiều mây,23°/32°,85%,10 km,1.25 km/giờ,1.47,Khá
Lào Cai,11/09/2022,09:15,27°,Mây cụm,22°/32°,85%,10 km,0.35 km/giờ,2.43,Tốt
Điện Biên,11/09/2022,09:15,24°,Mưa vừa,20°/29°,88%,10 km,0.4 km/giờ,2.2,Tốt
Lai Châu,11/09/2022,09:15,27°,Nhiều mây,22°/29°,75%,10 km,0.31 km/giờ,2.22,Tốt
Sơn La,11/09/2022,09:15,24°,Nhiều mây,19°/28°,85%,10 km,0.53 km/giờ,4.59,Tốt
Yên Bái,11/09/2022,09:15,26°,Nhiều mây,23°/30°,87%,9.92 km,0.82 km/giờ,4.54,Khá
Hoà Bình,11/09/2022,09:15,29°,Mây rải rác,24°/31°,78%,10 km,0.29 km/giờ,4.79,Kém
Hà Nội,11/09/2022,09:15,28°,Mây rải rác,24°/33°,83%,8 km,2.57 km/giờ,4.43,Rất kém
Vĩnh Phúc,11/09/2022,09:15,28°,Mưa vừa,23°/32°,80%,10 km,0.18 km/giờ,4.43,Kém
Bắc Ninh,11/09/2022,09:15,28°,Mây cụm,24°/33°,73%,10 km,0.29 km/giờ,4.99,Rất kém
Hải Dương,11/09/2022,09:15,29°,Mây cụm,24°/32°,74%,10 km,0.39 km/giờ,5,Rất kém
Hải Phòng,11/09/2022,09:15,29°,Mây cụm,24°/32°,84%,10 km,1.54 km/giờ,4.86,Rất kém
Hưng Yên,11/09/2022,09:15,29°,Mây cụm,24°/33°,72%,10 km,0.68 km/giờ,5,Rất kém
Thái Bình,11/09/2022,09:15,29°,Mây cụm,24°/31°,75%,10 km,0.84 km/giờ,5.01,Rất kém
Hà Nam,11/09/2022,09:15,29°,Mây cụm,24°/33°,72%,10 km,0.61 km/giờ,4.87,Rất kém
Nam Định,11/09/2022,09:15,29°,Mưa nhẹ,24°/32°,74%,10 km,0.92 km/giờ,5.01,Rất kém
Ninh Bình,11/09/2022,09:15,29°,Mây rải rác,24°/32°,73%,10 km,1.09 km/giờ,4.95,Rất kém
Thanh Hóa,11/09/2022,09:15,28°,Nhiều mây,24°/32°,77%,10 km,1.04 km/giờ,4.86,Rất kém
Nghệ An,11/09/2022,09:15,27°,Nhiều mây,24°/30°,82%,10 km,1.14 km/giờ,4.56,Rất kém
Hà Tĩnh,11/09/2022,09:15,28°,Nhiều mây,24°/31°,79%,10 km,0.48 km/giờ,3.69,Rất kém
Quảng Bình,11/09/2022,09:15,29°,Mây rải rác,23°/32°,71%,10 km,0.98 km/giờ,3.71,Tốt
Quảng Trị,11/09/2022,09:15,29°,Mây cụm,23°/32°,71%,10 km,1.16 km/giờ,5.32,Tốt
Thừa Thiên Huế,11/09/2022,09:15,29°,Mây thưa,23°/31°,74%,10 km,2.06 km/giờ,5.4,Tốt
Đà Nẵng,11/09/2022,09:15,30°,Mây thưa,25°/30°,70%,10 km,2.06 km/giờ,5.47,Khá
Quảng Nam,11/09/2022,09:15,29°,Mây thưa,24°/30°,72%,10 km,1.85 km/giờ,5.83,Khá
Quảng Ngãi,11/09/2022,09:15,29°,Mây rải rác,24°/31°,72%,10 km,1.69 km/giờ,5.94,Trung bình
Bình Định,11/09/2022,09:15,28°,Mây rải rác,25°/29°,76%,10 km,1.75 km/giờ,6.1,Khá
Phú Yên,11/09/2022,09:15,29°,Mây cụm,21°/32°,63%,10 km,0.89 km/giờ,6.23,Tốt
Khánh Hòa,11/09/2022,09:15,28°,Nhiều mây,23°/32°,63%,10 km,0.94 km/giờ,6.44,Khá
Ninh Thuận,11/09/2022,09:15,29°,Mây rải rác,24°/31°,65%,10 km,1.18 km/giờ,6.66,Khá
Bình Thuận,11/09/2022,09:15,29°,Mây rải rác,22°/31°,62%,10 km,1.63 km/giờ,6.47,Khá
Kon Tum,11/09/2022,09:15,27°,Mây rải rác,20°/30°,72%,10 km,0.55 km/giờ,6.13,Tốt
Gia Lai,11/09/2022,09:15,26°,Mây rải rác,20°/29°,74%,10 km,1.29 km/giờ,6.27,Tốt
Đắk Lắk,11/09/2022,09:15,26°,Nhiều mây,20°/29°,68%,10 km,1.52 km/giờ,6.03,Tốt
Đắk Nông,11/09/2022,09:15,26°,Nhiều mây,20°/29°,68%,10 km,1.52 km/giờ,6.03,Tốt
Lâm Đồng,11/09/2022,09:15,27°,Mây thưa,18°/27°,59%,10 km,1.12 km/giờ,6.47,Khá
Bình Phước,11/09/2022,09:15,28°,Mây cụm,22°/29°,73%,10 km,0.71 km/giờ,5.75,Khá
Tây Ninh,11/09/2022,09:15,29°,Mây cụm,23°/33°,73%,10 km,3.49 km/giờ,5.63,Rất kém
Bình Dương,11/09/2022,09:15,30°,Mây rải rác,24°/32°,70%,10 km,1.54 km/giờ,5.75,Kém
Đồng Nai,11/09/2022,09:15,30°,Mây cụm,23°/32°,70%,10 km,2.12 km/giờ,5.75,Khá
Bà Rịa - Vũng Tàu,11/09/2022,09:15,29°,Mây cụm,23°/30°,69%,10 km,3.28 km/giờ,5.96,Tốt
Hồ Chí Minh,11/09/2022,09:15,30°,Mây rải rác,24°/32°,70%,10 km,1.54 km/giờ,5.75,Kém
Long An,11/09/2022,09:15,29°,Nhiều mây,23°/30°,79%,10 km,2.35 km/giờ,5.48,Kém
Tiền Giang,11/09/2022,09:15,28°,Mây cụm,23°/29°,79%,10 km,2.01 km/giờ,5.25,Kém
Bến Tre,11/09/2022,09:15,28°,Mây cụm,23°/29°,79%,10 km,1.83 km/giờ,5.25,Kém
Trà Vinh,11/09/2022,09:15,29°,Mây cụm,24°/29°,76%,10 km,1.53 km/giờ,4.79,Kém
Vĩnh Long,11/09/2022,09:15,28°,Nhiều mây,23°/30°,74%,10 km,1.86 km/giờ,4.82,Kém
Đồng Tháp,11/09/2022,09:15,28°,Nhiều mây,23°/30°,75%,10 km,1.9 km/giờ,4.82,Rất kém
An Giang,11/09/2022,09:15,28°,Nhiều mây,24°/29°,76%,10 km,1.69 km/giờ,4.58,Rất kém
Kiên Giang,11/09/2022,09:15,28°,Nhiều mây,25°/28°,75%,10 km,3.68 km/giờ,4.79,Khá
Cần Thơ,11/09/2022,09:15,28°,Mây rải rác,23°/29°,89%,10 km,1.03 km/giờ,4.82,Rất kém
Hậu Giang,11/09/2022,09:15,28°,Nhiều mây,23°/28°,78%,10 km,2.89 km/giờ,4.79,Khá
Sóc Trăng,11/09/2022,09:15,27°,Nhiều mây,23°/27°,82%,10 km,1.4 km/giờ,4.38,Kém
Bạc Liêu,11/09/2022,09:15,26°,Nhiều mây,25°/26°,85%,4.14 km,2.86 km/giờ,2.17,Tốt
Cà Mau,11/09/2022,09:15,27°,Nhiều mây,23°/27°,81%,10 km,4.04 km/giờ,4.78,Tốt
Hà Giang,11/09/2022,10:15,30°,Nhiều mây,21°/31°,64%,10 km,0.46 km/giờ,7.53,Tốt
Cao Bằng,11/09/2022,10:15,25°,Mưa nhẹ,21°/28°,92%,10 km,0.99 km/giờ,3.97,Tốt
Bắc Kạn,11/09/2022,10:15,27°,Mưa nhẹ,22°/29°,93%,6.13 km,0.35 km/giờ,7.62,Tốt
Tuyên Quang,11/09/2022,10:15,28°,Mây cụm,22°/29°,84%,10 km,0.68 km/giờ,7.85,Khá
Thái Nguyên,11/09/2022,10:15,29°,Mưa vừa,23°/32°,76%,10 km,0.93 km/giờ,7.82,Kém
Lạng Sơn,11/09/2022,10:15,29°,Mây cụm,22°/30°,67%,10 km,1.37 km/giờ,7.17,Trung bình
Quảng Ninh,11/09/2022,10:15,31°,Nhiều mây,24°/33°,61%,10 km,0.34 km/giờ,8.24,Kém
Bắc Giang,11/09/2022,10:15,29°,Mưa nhẹ,24°/32°,67%,10 km,0.74 km/giờ,8.06,Kém
Phú Thọ,11/09/2022,10:15,29°,Nhiều mây,23°/31°,77%,10 km,0.86 km/giờ,2.42,Khá
Lào Cai,11/09/2022,10:15,29°,Mây cụm,22°/31°,79%,10 km,0.33 km/giờ,4.1,Tốt
Điện Biên,11/09/2022,10:15,25°,Mưa nhẹ,20°/28°,83%,10 km,0.74 km/giờ,3.75,Tốt
Lai Châu,11/09/2022,10:15,28°,Nhiều mây,22°/29°,74%,10 km,0.3 km/giờ,3.78,Tốt
Sơn La,11/09/2022,10:15,26°,Nhiều mây,19°/28°,77%,10 km,0.48 km/giờ,7.76,Tốt
Yên Bái,11/09/2022,10:15,28°,Nhiều mây,23°/30°,78%,10 km,0.52 km/giờ,7.52,Khá
Hoà Bình,11/09/2022,10:15,30°,Mây rải rác,24°/31°,71%,10 km,0.92 km/giờ,7.89,Kém
Hà Nội,11/09/2022,10:15,29°,Mây thưa,24°/33°,74%,9 km,2.06 km/giờ,7.22,Rất kém
Vĩnh Phúc,11/09/2022,10:15,29°,Mưa nhẹ,23°/32°,73%,10 km,0.27 km/giờ,7.22,Kém
Bắc Ninh,11/09/2022,10:15,29°,Mưa vừa,24°/33°,67%,10 km,0.46 km/giờ,8.06,Rất kém
Hải Dương,11/09/2022,10:15,31°,Mưa nhẹ,24°/32°,68%,10 km,0.31 km/giờ,8.09,Rất kém
Hải Phòng,11/09/2022,10:15,31°,Mây cụm,24°/32°,70%,10 km,1.54 km/giờ,7.79,Rất kém
Hưng Yên,11/09/2022,10:15,31°,Mây cụm,24°/33°,66%,10 km,0.3 km/giờ,8.09,Rất kém
Thái Bình,11/09/2022,10:15,30°,Mây cụm,24°/31°,69%,10 km,0.44 km/giờ,8.11,Rất kém
Hà Nam,11/09/2022,10:15,31°,Mây cụm,24°/33°,66%,10 km,0.3 km/giờ,7.94,Rất kém
Nam Định,11/09/2022,10:15,30°,Mây cụm,24°/32°,68%,10 km,0.56 km/giờ,8.11,Rất kém
Ninh Bình,11/09/2022,10:15,30°,Mây rải rác,24°/32°,67%,10 km,0.9 km/giờ,8.07,Rất kém
Thanh Hóa,11/09/2022,10:15,30°,Nhiều mây,24°/31°,70%,10 km,0.67 km/giờ,7.92,Rất kém
Nghệ An,11/09/2022,10:15,28°,Nhiều mây,24°/30°,78%,10 km,0.77 km/giờ,7.44,Kém
Hà Tĩnh,11/09/2022,10:15,29°,Nhiều mây,24°/31°,72%,10 km,0.37 km/giờ,6.03,Rất kém
Quảng Bình,11/09/2022,10:15,31°,Mây rải rác,23°/32°,63%,10 km,1.87 km/giờ,6.01,Tốt
Quảng Trị,11/09/2022,10:15,30°,Mây cụm,23°/32°,64%,10 km,1.97 km/giờ,8.48,Tốt
Thừa Thiên Huế,11/09/2022,10:15,30°,Mây thưa,23°/31°,70%,10 km,1.03 km/giờ,8.54,Khá
Đà Nẵng,11/09/2022,10:15,32°,Mây thưa,25°/32°,62%,10 km,0.51 km/giờ,8.57,Khá
Quảng Nam,11/09/2022,10:15,30°,Mây rải rác,24°/30°,65%,10 km,1.79 km/giờ,9.15,Khá
Quảng Ngãi,11/09/2022,10:15,30°,Mây rải rác,24°/31°,65%,10 km,1.64 km/giờ,9.23,Khá
Bình Định,11/09/2022,10:15,29°,Mây rải rác,25°/29°,74%,10 km,2.46 km/giờ,9.41,Khá
Phú Yên,11/09/2022,10:15,30°,Mây cụm,21°/32°,58%,10 km,1.36 km/giờ,9.61,Tốt
Khánh Hòa,11/09/2022,10:15,30°,Nhiều mây,23°/32°,58%,10 km,1.41 km/giờ,9.94,Khá
Ninh Thuận,11/09/2022,10:15,31°,Mây rải rác,24°/31°,60%,10 km,1.71 km/giờ,10.38,Khá
Bình Thuận,11/09/2022,10:15,30°,Mây rải rác,22°/31°,56%,10 km,2.31 km/giờ,10.17,Khá
Kon Tum,11/09/2022,10:15,28°,Mây rải rác,20°/30°,64%,10 km,0.88 km/giờ,9.62,Tốt
Gia Lai,11/09/2022,10:15,28°,Mây rải rác,20°/29°,69%,10 km,1.84 km/giờ,9.76,Tốt
Đắk Lắk,11/09/2022,10:15,28°,Nhiều mây,20°/29°,59%,10 km,1.54 km/giờ,9.47,Tốt
Đắk Nông,11/09/2022,10:15,28°,Nhiều mây,20°/29°,59%,10 km,1.54 km/giờ,9.47,Tốt
Lâm Đồng,11/09/2022,10:15,28°,Mây thưa,18°/28°,54%,10 km,1.8 km/giờ,10.17,Khá
Bình Phước,11/09/2022,10:15,30°,Mây rải rác,22°/30°,65%,10 km,0.91 km/giờ,9.28,Khá
Tây Ninh,11/09/2022,10:15,30°,Mây cụm,23°/32°,67%,10 km,3.6 km/giờ,9.17,Rất kém
Bình Dương,11/09/2022,10:15,30°,Mây rải rác,24°/32°,74%,10 km,1.54 km/giờ,9.29,Khá
Đồng Nai,11/09/2022,10:15,30°,Mây cụm,23°/32°,63%,10 km,2.36 km/giờ,9.29,Khá
Bà Rịa - Vũng Tàu,11/09/2022,10:15,30°,Nhiều mây,23°/30°,64%,10 km,3.2 km/giờ,9.53,Tốt
Hồ Chí Minh,11/09/2022,10:15,30°,Mây rải rác,24°/31°,74%,10 km,1.54 km/giờ,9.29,Kém
Long An,11/09/2022,10:15,30°,Mây cụm,23°/30°,71%,10 km,3.04 km/giờ,8.94,Kém
Tiền Giang,11/09/2022,10:15,29°,Mây cụm,23°/30°,73%,10 km,2.25 km/giờ,8.55,Rất kém
Bến Tre,11/09/2022,10:15,29°,Mây cụm,23°/29°,74%,10 km,2 km/giờ,8.55,Rất kém
Trà Vinh,11/09/2022,10:15,29°,Mây cụm,24°/29°,76%,10 km,2.54 km/giờ,7.82,Kém
Vĩnh Long,11/09/2022,10:15,29°,Nhiều mây,23°/29°,69%,10 km,2.26 km/giờ,7.92,Kém
Đồng Tháp,11/09/2022,10:15,29°,Nhiều mây,23°/30°,70%,10 km,2.28 km/giờ,7.92,Kém
An Giang,11/09/2022,10:15,29°,Nhiều mây,24°/29°,70%,10 km,1.71 km/giờ,7.61,Rất kém
Kiên Giang,11/09/2022,10:15,29°,Nhiều mây,25°/29°,73%,10 km,4.37 km/giờ,7.96,Khá
Cần Thơ,11/09/2022,10:15,29°,Mây rải rác,23°/29°,79%,10 km,1.03 km/giờ,7.92,Rất kém
Hậu Giang,11/09/2022,10:15,29°,Nhiều mây,23°/29°,79%,10 km,2.88 km/giờ,7.96,Khá
Sóc Trăng,11/09/2022,10:15,27°,Nhiều mây,23°/27°,84%,10 km,2.43 km/giờ,7.21,Kém
Bạc Liêu,11/09/2022,10:15,25°,Nhiều mây,25°/27°,89%,7.39 km,1.8 km/giờ,3.58,Tốt
Cà Mau,11/09/2022,10:15,27°,Nhiều mây,23°/27°,81%,6.2 km,3.69 km/giờ,7.94,Tốt
Hà Giang,11/09/2022,11:15,32°,Mây cụm,21°/32°,57%,10 km,0.82 km/giờ,10.76,Tốt
Cao Bằng,11/09/2022,11:15,27°,Nhiều mây,21°/29°,83%,10 km,1.24 km/giờ,7.26,Tốt
Bắc Kạn,11/09/2022,11:15,27°,Nhiều mây,22°/30°,91%,6.41 km,0.5 km/giờ,10.27,Tốt
Tuyên Quang,11/09/2022,11:15,28°,Mây cụm,22°/29°,82%,10 km,0.29 km/giờ,10.5,Tốt
Thái Nguyên,11/09/2022,11:15,29°,Mưa nhẹ,23°/31°,68%,10 km,0.87 km/giờ,9.31,Kém
Lạng Sơn,11/09/2022,11:15,30°,Mây cụm,22°/30°,63%,10 km,1.5 km/giờ,10.29,Kém
Quảng Ninh,11/09/2022,11:15,32°,Mưa nhẹ,24°/33°,54%,10 km,0.25 km/giờ,10.55,Kém
Bắc Giang,11/09/2022,11:15,29°,Mây cụm,24°/32°,62%,10 km,1.09 km/giờ,10.38,Kém
Phú Thọ,11/09/2022,11:15,30°,Nhiều mây,23°/31°,69%,10 km,0.28 km/giờ,8.96,Khá
Lào Cai,11/09/2022,11:15,30°,Mây cụm,22°/31°,75%,10 km,0.76 km/giờ,8.43,Tốt
Điện Biên,11/09/2022,11:15,26°,Nhiều mây,20°/28°,79%,10 km,0.71 km/giờ,8.57,Tốt
Lai Châu,11/09/2022,11:15,29°,Nhiều mây,22°/29°,75%,10 km,0.41 km/giờ,5.56,Tốt
Sơn La,11/09/2022,11:15,27°,Nhiều mây,19°/28°,75%,10 km,0.7 km/giờ,10.15,Tốt
Yên Bái,11/09/2022,11:15,29°,Nhiều mây,23°/30°,73%,10 km,0.71 km/giờ,10.05,Khá
Hoà Bình,11/09/2022,11:15,31°,Mây rải rác,24°/31°,66%,10 km,1.19 km/giờ,10.55,Trung bình
Hà Nội,11/09/2022,11:15,29°,Mưa nhẹ,24°/32°,79%,10 km,2.06 km/giờ,10.25,Kém
Vĩnh Phúc,11/09/2022,11:15,29°,Mây rải rác,23°/32°,67%,10 km,0.69 km/giờ,10.25,Kém
Bắc Ninh,11/09/2022,11:15,29°,Mưa nhẹ,24°/32°,63%,10 km,0.88 km/giờ,10.38,Rất kém
Hải Dương,11/09/2022,11:15,32°,Mưa nhẹ,24°/32°,63%,10 km,0.53 km/giờ,10.61,Rất kém
Hải Phòng,11/09/2022,11:15,31°,Mây rải rác,24°/31°,66%,10 km,2.06 km/giờ,10.24,Rất kém
Hưng Yên,11/09/2022,11:15,32°,Mây cụm,24°/33°,60%,10 km,0.49 km/giờ,10.61,Rất kém
Thái Bình,11/09/2022,11:15,31°,Mây cụm,24°/31°,64%,10 km,0.37 km/giờ,10.59,Rất kém
Hà Nam,11/09/2022,11:15,32°,Mây cụm,24°/33°,61%,10 km,0.4 km/giờ,10.51,Rất kém
Nam Định,11/09/2022,11:15,31°,Mây cụm,24°/32°,63%,10 km,0.55 km/giờ,10.59,Rất kém
Ninh Bình,11/09/2022,11:15,32°,Mây rải rác,24°/32°,62%,10 km,0.71 km/giờ,10.72,Rất kém
Thanh Hóa,11/09/2022,11:15,31°,Nhiều mây,24°/31°,65%,10 km,0.59 km/giờ,10.64,Kém
Nghệ An,11/09/2022,11:15,29°,Nhiều mây,24°/30°,76%,10 km,0.82 km/giờ,10,Kém
Hà Tĩnh,11/09/2022,11:15,30°,Nhiều mây,24°/31°,68%,10 km,1.54 km/giờ,8.78,Kém
Quảng Bình,11/09/2022,11:15,31°,Mây rải rác,23°/32°,59%,10 km,2.41 km/giờ,10.44,Tốt
Quảng Trị,11/09/2022,11:15,31°,Mây cụm,23°/32°,60%,10 km,2.37 km/giờ,10.86,Tốt
Thừa Thiên Huế,11/09/2022,11:15,32°,Mây thưa,23°/32°,58%,10 km,1.03 km/giờ,10.43,Tốt
Đà Nẵng,11/09/2022,11:15,32°,Mây thưa,25°/32°,62%,10 km,2.57 km/giờ,10.92,Tốt
Quảng Nam,11/09/2022,11:15,30°,Mây rải rác,24°/30°,62%,10 km,2.5 km/giờ,11.66,Khá
Quảng Ngãi,11/09/2022,11:15,31°,Mây rải rác,24°/31°,62%,10 km,2.45 km/giờ,11.64,Tốt
Bình Định,11/09/2022,11:15,29°,Mây rải rác,25°/29°,77%,10 km,2.99 km/giờ,11.68,Tốt
Phú Yên,11/09/2022,11:15,31°,Mây cụm,21°/32°,57%,10 km,1.9 km/giờ,10.53,Tốt
Khánh Hòa,11/09/2022,11:15,31°,Nhiều mây,23°/32°,55%,10 km,2.11 km/giờ,12.35,Khá
Ninh Thuận,11/09/2022,11:15,31°,Mây rải rác,24°/31°,60%,10 km,3.23 km/giờ,11.28,Khá
Bình Thuận,11/09/2022,11:15,31°,Mây rải rác,22°/32°,52%,10 km,2.81 km/giờ,11.38,Tốt
Kon Tum,11/09/2022,11:15,30°,Mây rải rác,20°/30°,59%,10 km,1.28 km/giờ,11.62,Tốt
Gia Lai,11/09/2022,11:15,29°,Mây rải rác,20°/29°,64%,10 km,2.17 km/giờ,11.54,Tốt
Đắk Lắk,11/09/2022,11:15,30°,Nhiều mây,20°/30°,54%,10 km,1.35 km/giờ,9.79,Tốt
Đắk Nông,11/09/2022,11:15,30°,Nhiều mây,20°/30°,54%,10 km,1.35 km/giờ,9.79,Tốt
Lâm Đồng,11/09/2022,11:15,29°,Mây thưa,18°/29°,52%,10 km,2.23 km/giờ,11.38,Khá
Bình Phước,11/09/2022,11:15,31°,Mây rải rác,22°/31°,62%,10 km,1.44 km/giờ,10.96,Khá
Tây Ninh,11/09/2022,11:15,31°,Mây cụm,23°/32°,62%,10 km,3.59 km/giờ,11.88,Kém
Bình Dương,11/09/2022,11:15,31°,Mây cụm,24°/32°,70%,10 km,2.57 km/giờ,12,Khá
Đồng Nai,11/09/2022,11:15,31°,Mây cụm,23°/32°,59%,10 km,2.29 km/giờ,12,Tốt
Bà Rịa - Vũng Tàu,11/09/2022,11:15,31°,Nhiều mây,23°/31°,60%,10 km,3.17 km/giờ,10.91,Tốt
Hồ Chí Minh,11/09/2022,11:15,31°,Mây cụm,24°/31°,70%,10 km,2.57 km/giờ,12,Kém
Long An,11/09/2022,11:15,31°,Mây cụm,23°/31°,66%,10 km,3.15 km/giờ,11.92,Kém
Tiền Giang,11/09/2022,11:15,30°,Mây cụm,23°/30°,72%,10 km,2.43 km/giờ,6.61,Kém
Bến Tre,11/09/2022,11:15,29°,Mây cụm,23°/30°,74%,8.4 km,2.14 km/giờ,6.61,Kém
Trà Vinh,11/09/2022,11:15,27°,Nhiều mây,24°/29°,84%,10 km,2.71 km/giờ,3.07,Trung bình
Vĩnh Long,11/09/2022,11:15,30°,Nhiều mây,23°/30°,67%,10 km,2.28 km/giờ,3.66,Trung bình
Đồng Tháp,11/09/2022,11:15,30°,Nhiều mây,23°/31°,66%,10 km,2.35 km/giờ,3.66,Kém
An Giang,11/09/2022,11:15,30°,Nhiều mây,24°/31°,67%,10 km,1.98 km/giờ,7.05,Rất kém
Kiên Giang,11/09/2022,11:15,28°,Nhiều mây,25°/28°,76%,10 km,4.68 km/giờ,4.46,Khá
Cần Thơ,11/09/2022,11:15,30°,Mây rải rác,23°/30°,74%,10 km,1.03 km/giờ,3.66,Rất kém
Hậu Giang,11/09/2022,11:15,30°,Nhiều mây,23°/31°,77%,7.85 km,3.6 km/giờ,4.46,Tốt
Sóc Trăng,11/09/2022,11:15,26°,Nhiều mây,23°/29°,89%,10 km,2.57 km/giờ,4.2,Kém
Bạc Liêu,11/09/2022,11:15,26°,Nhiều mây,25°/28°,89%,10 km,2.76 km/giờ,2.12,Tốt
Cà Mau,11/09/2022,11:15,26°,Nhiều mây,23°/26°,88%,4.93 km,2.48 km/giờ,2.25,Tốt
Hà Giang,11/09/2022,12:15,32°,Mây cụm,21°/32°,55%,10 km,1.06 km/giờ,11.73,Tốt
Cao Bằng,11/09/2022,12:15,28°,Nhiều mây,21°/29°,74%,10 km,1.46 km/giờ,7.83,Tốt
Bắc Kạn,11/09/2022,12:15,28°,Nhiều mây,22°/30°,88%,10 km,0.48 km/giờ,11.13,Tốt
Tuyên Quang,11/09/2022,12:15,28°,Mây cụm,22°/29°,86%,10 km,0.64 km/giờ,11.45,Tốt
Thái Nguyên,11/09/2022,12:15,30°,Mây cụm,23°/31°,61%,10 km,1.05 km/giờ,10.09,Kém
Lạng Sơn,11/09/2022,12:15,30°,Mây cụm,22°/30°,60%,10 km,1.42 km/giờ,11.03,Kém
Quảng Ninh,11/09/2022,12:15,33°,Nhiều mây,24°/33°,51%,10 km,0.88 km/giờ,11.24,Trung bình
Bắc Giang,11/09/2022,12:15,30°,Mây cụm,24°/32°,59%,10 km,1.5 km/giờ,11.18,Kém
Phú Thọ,11/09/2022,12:15,31°,Nhiều mây,23°/32°,64%,10 km,1.13 km/giờ,9.77,Khá
Lào Cai,11/09/2022,12:15,30°,Mây cụm,22°/31°,71%,10 km,0.93 km/giờ,9.35,Tốt
Điện Biên,11/09/2022,12:15,28°,Mưa nhẹ,20°/28°,70%,10 km,0.54 km/giờ,9.56,Tốt
Lai Châu,11/09/2022,12:15,29°,Nhiều mây,22°/29°,76%,6.51 km,0.56 km/giờ,6.21,Tốt
Sơn La,11/09/2022,12:15,28°,Nhiều mây,19°/28°,72%,10 km,1.09 km/giờ,11.25,Tốt
Yên Bái,11/09/2022,12:15,30°,Mây cụm,23°/30°,71%,10 km,0.89 km/giờ,11.03,Tốt
Hoà Bình,11/09/2022,12:15,32°,Mây rải rác,24°/32°,62%,10 km,1.49 km/giờ,11.5,Trung bình
Hà Nội,11/09/2022,12:15,30°,Mưa nhẹ,24°/32°,70%,10 km,1.54 km/giờ,11.11,Kém
Vĩnh Phúc,11/09/2022,12:15,30°,Mây rải rác,23°/31°,62%,10 km,1.08 km/giờ,11.11,Kém
Bắc Ninh,11/09/2022,12:15,30°,Mây cụm,24°/32°,59%,10 km,1.2 km/giờ,11.18,Rất kém
Hải Dương,11/09/2022,12:15,32°,Mây rải rác,24°/32°,59%,10 km,0.57 km/giờ,11.43,Rất kém
Hải Phòng,11/09/2022,12:15,32°,Mây thưa,24°/33°,62%,10 km,2.57 km/giờ,10.97,Rất kém
Hưng Yên,11/09/2022,12:15,33°,Mây rải rác,24°/33°,56%,10 km,0.75 km/giờ,11.43,Rất kém
Thái Bình,11/09/2022,12:15,31°,Mây cụm,24°/31°,61%,10 km,0.84 km/giờ,11.41,Rất kém
Hà Nam,11/09/2022,12:15,33°,Mây rải rác,24°/33°,57%,10 km,0.71 km/giờ,11.4,Kém
Nam Định,11/09/2022,12:15,32°,Mây cụm,24°/32°,60%,10 km,0.77 km/giờ,11.41,Rất kém
Ninh Bình,11/09/2022,12:15,32°,Mây rải rác,24°/32°,59%,10 km,0.87 km/giờ,11.62,Kém
Thanh Hóa,11/09/2022,12:15,31°,Nhiều mây,24°/31°,62%,10 km,1.39 km/giờ,11.54,Kém
Nghệ An,11/09/2022,12:15,29°,Nhiều mây,24°/30°,75%,10 km,1.21 km/giờ,10.84,Trung bình
Hà Tĩnh,11/09/2022,12:15,31°,Nhiều mây,24°/31°,67%,10 km,2.51 km/giờ,9.52,Khá
Quảng Bình,11/09/2022,12:15,32°,Mây rải rác,23°/32°,57%,10 km,2.59 km/giờ,11.24,Tốt
Quảng Trị,11/09/2022,12:15,31°,Nhiều mây,23°/32°,59%,10 km,2.91 km/giờ,11.57,Tốt
Thừa Thiên Huế,11/09/2022,12:15,31°,Mây cụm,23°/32°,66%,10 km,1.03 km/giờ,11.05,Tốt
Đà Nẵng,11/09/2022,12:15,32°,Mây thưa,25°/32°,62%,10 km,3.6 km/giờ,11.5,Tốt
Quảng Nam,11/09/2022,12:15,30°,Mây thưa,24°/31°,63%,10 km,3.23 km/giờ,12.28,Khá
Quảng Ngãi,11/09/2022,12:15,31°,Mây thưa,24°/31°,61%,10 km,3.11 km/giờ,12.19,Khá
Bình Định,11/09/2022,12:15,28°,Mây rải rác,25°/29°,80%,10 km,3.4 km/giờ,12.15,Tốt
Phú Yên,11/09/2022,12:15,30°,Mây cụm,21°/32°,65%,10 km,2.59 km/giờ,10.96,Tốt
Khánh Hòa,11/09/2022,12:15,30°,Mây cụm,23°/32°,54%,10 km,2.83 km/giờ,12.88,Tốt
Ninh Thuận,11/09/2022,12:15,31°,Mây rải rác,24°/31°,60%,10 km,3.98 km/giờ,11.81,Khá
Bình Thuận,11/09/2022,12:15,32°,Mây rải rác,22°/32°,50%,10 km,3.54 km/giờ,11.98,Tốt
Kon Tum,11/09/2022,12:15,30°,Mây rải rác,20°/30°,57%,10 km,1.62 km/giờ,12.24,Tốt
Gia Lai,11/09/2022,12:15,29°,Mây rải rác,20°/29°,61%,10 km,2.4 km/giờ,12.08,Tốt
Đắk Lắk,11/09/2022,12:15,30°,Mây cụm,20°/30°,54%,10 km,1.12 km/giờ,10.32,Tốt
Đắk Nông,11/09/2022,12:15,30°,Mây cụm,20°/30°,54%,10 km,1.12 km/giờ,10.32,Tốt
Lâm Đồng,11/09/2022,12:15,28°,Mây thưa,18°/28°,58%,10 km,2.45 km/giờ,11.98,Khá
Bình Phước,11/09/2022,12:15,30°,Mây cụm,22°/30°,71%,10 km,1.68 km/giờ,11.75,Tốt
Tây Ninh,11/09/2022,12:15,32°,Mây cụm,23°/32°,59%,10 km,3.28 km/giờ,12.8,Kém
Bình Dương,11/09/2022,12:15,32°,Mây cụm,24°/32°,62%,10 km,2.06 km/giờ,12.85,Khá
Đồng Nai,11/09/2022,12:15,32°,Mây cụm,23°/32°,55%,10 km,1.87 km/giờ,12.85,Tốt
Bà Rịa - Vũng Tàu,11/09/2022,12:15,31°,Nhiều mây,23°/31°,61%,9.22 km,3.66 km/giờ,11.61,Tốt
Hồ Chí Minh,11/09/2022,12:15,32°,Mây cụm,24°/32°,62%,10 km,2.06 km/giờ,12.85,Trung bình
Long An,11/09/2022,12:15,31°,Mây cụm,23°/31°,65%,10 km,3.45 km/giờ,12.84,Kém
Tiền Giang,11/09/2022,12:15,30°,Mây cụm,23°/31°,73%,10 km,2.69 km/giờ,7.12,Kém
Bến Tre,11/09/2022,12:15,29°,Mây cụm,23°/30°,76%,10 km,2.28 km/giờ,7.12,Kém
Trà Vinh,11/09/2022,12:15,26°,Nhiều mây,24°/29°,88%,10 km,2.63 km/giờ,3.31,Trung bình
Vĩnh Long,11/09/2022,12:15,31°,Nhiều mây,23°/31°,73%,10 km,2.89 km/giờ,3.97,Khá
Đồng Tháp,11/09/2022,12:15,31°,Nhiều mây,23°/31°,65%,10 km,2.36 km/giờ,3.97,Kém
An Giang,11/09/2022,12:15,31°,Nhiều mây,24°/31°,66%,10 km,2.19 km/giờ,7.69,Rất kém
Kiên Giang,11/09/2022,12:15,28°,Nhiều mây,25°/28°,74%,10 km,5.55 km/giờ,4.87,Khá
Cần Thơ,11/09/2022,12:15,31°,Mây rải rác,23°/31°,66%,10 km,1.03 km/giờ,3.97,Rất kém
Hậu Giang,11/09/2022,12:15,31°,Nhiều mây,23°/31°,83%,10 km,3.78 km/giờ,4.87,Tốt
Sóc Trăng,11/09/2022,12:15,26°,Nhiều mây,23°/29°,88%,10 km,2.46 km/giờ,4.55,Kém
Bạc Liêu,11/09/2022,12:15,26°,Nhiều mây,25°/28°,88%,10 km,3.73 km/giờ,2.3,Tốt
Cà Mau,11/09/2022,12:15,25°,Nhiều mây,23°/26°,95%,5.23 km,2.26 km/giờ,2.46,Tốt
Hà Giang,11/09/2022,13:15,32°,Mây cụm,21°/32°,56%,10 km,1.16 km/giờ,10.76,Tốt
Cao Bằng,11/09/2022,13:15,28°,Nhiều mây,21°/29°,77%,10 km,1.79 km/giờ,7.1,Tốt
Bắc Kạn,11/09/2022,13:15,29°,Nhiều mây,22°/30°,79%,10 km,0.52 km/giờ,10.15,Tốt
Tuyên Quang,11/09/2022,13:15,28°,Mây cụm,22°/29°,90%,10 km,0.79 km/giờ,10.5,Tốt
Thái Nguyên,11/09/2022,13:15,31°,Mây cụm,23°/31°,59%,10 km,1.2 km/giờ,9.2,Kém
Lạng Sơn,11/09/2022,13:15,30°,Mưa vừa,22°/30°,62%,10 km,1.32 km/giờ,9.94,Kém
Quảng Ninh,11/09/2022,13:15,33°,Mây cụm,24°/33°,51%,10 km,1.79 km/giờ,10.08,Trung bình
Bắc Giang,11/09/2022,13:15,31°,Mây cụm,24°/32°,57%,10 km,1.68 km/giờ,10.14,Kém
Phú Thọ,11/09/2022,13:15,32°,Mây cụm,23°/32°,61%,10 km,1.6 km/giờ,8.96,Khá
Lào Cai,11/09/2022,13:15,31°,Mây cụm,22°/31°,67%,10 km,0.89 km/giờ,8.72,Tốt
Điện Biên,11/09/2022,13:15,29°,Mưa vừa,20°/29°,71%,10 km,0.3 km/giờ,8.97,Tốt
Lai Châu,11/09/2022,13:15,29°,Nhiều mây,22°/29°,77%,7.37 km,0.62 km/giờ,5.82,Tốt
Sơn La,11/09/2022,13:15,28°,Mưa vừa,19°/28°,72%,10 km,1.15 km/giờ,10.5,Tốt
Yên Bái,11/09/2022,13:15,30°,Mây cụm,23°/30°,68%,10 km,0.8 km/giờ,10.17,Tốt
Hoà Bình,11/09/2022,13:15,32°,Mây cụm,24°/32°,65%,10 km,1.58 km/giờ,10.55,Khá
Hà Nội,11/09/2022,13:15,31°,Mây thưa,24°/32°,66%,10 km,1.54 km/giờ,10.14,Kém
Vĩnh Phúc,11/09/2022,13:15,31°,Mây rải rác,23°/31°,59%,10 km,1.37 km/giờ,10.14,Kém
Bắc Ninh,11/09/2022,13:15,31°,Mây rải rác,24°/32°,56%,10 km,1.28 km/giờ,10.14,Rất kém
Hải Dương,11/09/2022,13:15,33°,Mây rải rác,24°/33°,56%,10 km,0.73 km/giờ,10.36,Rất kém
Hải Phòng,11/09/2022,13:15,33°,Mây rải rác,24°/33°,52%,10 km,2.57 km/giờ,9.9,Rất kém
Hưng Yên,11/09/2022,13:15,33°,Mây rải rác,24°/33°,54%,10 km,1.24 km/giờ,10.36,Rất kém
Thái Bình,11/09/2022,13:15,31°,Mây cụm,24°/31°,60%,10 km,1.7 km/giờ,10.34,Rất kém
Hà Nam,11/09/2022,13:15,33°,Mây rải rác,24°/33°,54%,10 km,1.21 km/giờ,10.4,Kém
Nam Định,11/09/2022,13:15,32°,Mây cụm,24°/32°,58%,10 km,1.41 km/giờ,10.34,Rất kém
Ninh Bình,11/09/2022,13:15,32°,Mây rải rác,24°/32°,57%,10 km,1.55 km/giờ,10.59,Rất kém
Thanh Hóa,11/09/2022,13:15,32°,Nhiều mây,24°/32°,60%,10 km,1.99 km/giờ,10.52,Kém
Nghệ An,11/09/2022,13:15,29°,Nhiều mây,24°/30°,74%,10 km,1.73 km/giờ,9.88,Trung bình
Hà Tĩnh,11/09/2022,13:15,30°,Nhiều mây,24°/31°,69%,10 km,3.38 km/giờ,8.67,Khá
Quảng Bình,11/09/2022,13:15,32°,Mây rải rác,23°/33°,57%,10 km,2.86 km/giờ,10.18,Tốt
Quảng Trị,11/09/2022,13:15,31°,Nhiều mây,23°/32°,60%,10 km,3.39 km/giờ,10.37,Tốt
Thừa Thiên Huế,11/09/2022,13:15,31°,Mây cụm,23°/31°,66%,10 km,3.09 km/giờ,9.84,Khá
Đà Nẵng,11/09/2022,13:15,32°,Mây thưa,25°/32°,62%,10 km,4.12 km/giờ,10.18,Khá
Quảng Nam,11/09/2022,13:15,30°,Mây thưa,24°/31°,64%,10 km,3.18 km/giờ,10.86,Khá
Quảng Ngãi,11/09/2022,13:15,31°,Mây thưa,24°/31°,62%,10 km,3.54 km/giờ,10.72,Khá
Bình Định,11/09/2022,13:15,29°,Mây rải rác,25°/30°,78%,10 km,3.9 km/giờ,10.62,Tốt
Phú Yên,11/09/2022,13:15,29°,Mây cụm,21°/32°,72%,10 km,3.45 km/giờ,9.58,Tốt
Khánh Hòa,11/09/2022,13:15,31°,Mây cụm,23°/32°,55%,10 km,3.54 km/giờ,11.24,Khá
Ninh Thuận,11/09/2022,13:15,31°,Mây rải rác,24°/32°,64%,10 km,4.12 km/giờ,10.4,Khá
Bình Thuận,11/09/2022,13:15,30°,Mây rải rác,22°/32°,58%,10 km,4.17 km/giờ,10.61,Tốt
Kon Tum,11/09/2022,13:15,30°,Mây rải rác,20°/30°,59%,10 km,1.36 km/giờ,10.83,Tốt
Gia Lai,11/09/2022,13:15,29°,Mây rải rác,20°/29°,60%,10 km,3.08 km/giờ,10.63,Tốt
Đắk Lắk,11/09/2022,13:15,30°,Mây cụm,20°/30°,56%,10 km,0.93 km/giờ,9.12,Tốt
Đắk Nông,11/09/2022,13:15,30°,Mây cụm,20°/30°,56%,10 km,0.93 km/giờ,9.12,Tốt
Lâm Đồng,11/09/2022,13:15,27°,Mây rải rác,18°/29°,66%,10 km,2.42 km/giờ,10.61,Khá
Bình Phước,11/09/2022,13:15,29°,Mây cụm,22°/30°,81%,10 km,1.62 km/giờ,10.58,Tốt
Tây Ninh,11/09/2022,13:15,33°,Mây cụm,23°/33°,56%,10 km,2.78 km/giờ,11.59,Kém
Bình Dương,11/09/2022,13:15,33°,Mây rải rác,24°/33°,62%,10 km,0.51 km/giờ,11.57,Khá
Đồng Nai,11/09/2022,13:15,33°,Mây cụm,23°/33°,54%,10 km,2.29 km/giờ,11.57,Khá
Bà Rịa - Vũng Tàu,11/09/2022,13:15,30°,Nhiều mây,23°/30°,64%,10 km,3.82 km/giờ,10.4,Tốt
Hồ Chí Minh,11/09/2022,13:15,33°,Mây rải rác,24°/33°,62%,10 km,0.51 km/giờ,11.57,Trung bình
Long An,11/09/2022,13:15,31°,Mây cụm,23°/31°,68%,10 km,3.68 km/giờ,11.63,Kém
Tiền Giang,11/09/2022,13:15,28°,Mây cụm,23°/32°,79%,10 km,2.84 km/giờ,6.45,Kém
Bến Tre,11/09/2022,13:15,28°,Mây cụm,23°/31°,84%,10 km,2.53 km/giờ,6.45,Kém
Trà Vinh,11/09/2022,13:15,28°,Nhiều mây,24°/31°,81%,10 km,2.82 km/giờ,2.99,Trung bình
Vĩnh Long,11/09/2022,13:15,32°,Nhiều mây,23°/32°,85%,10 km,2.85 km/giờ,3.62,Khá
Đồng Tháp,11/09/2022,13:15,32°,Nhiều mây,23°/32°,71%,7.51 km,3.12 km/giờ,3.62,Kém
An Giang,11/09/2022,13:15,32°,Nhiều mây,24°/32°,69%,10 km,2.61 km/giờ,7.05,Rất kém
Kiên Giang,11/09/2022,13:15,28°,Nhiều mây,25°/28°,76%,10 km,4.98 km/giờ,4.46,Trung bình
Cần Thơ,11/09/2022,13:15,32°,Mây rải rác,23°/32°,66%,10 km,2.57 km/giờ,3.62,Rất kém
Hậu Giang,11/09/2022,13:15,32°,Nhiều mây,23°/32°,87%,10 km,3.75 km/giờ,4.46,Khá
Sóc Trăng,11/09/2022,13:15,26°,Nhiều mây,23°/30°,88%,10 km,2.77 km/giờ,4.15,Kém
Bạc Liêu,11/09/2022,13:15,26°,Nhiều mây,25°/29°,88%,10 km,3.48 km/giờ,2.1,Tốt
Cà Mau,11/09/2022,13:15,25°,Nhiều mây,23°/27°,95%,10 km,2.99 km/giờ,2.25,Tốt
Hà Giang,11/09/2022,14:22,28°,Mây thưa,21°/31°,86%,10 km,1.43 km/giờ,8.18,Tốt
Cao Bằng,11/09/2022,14:22,27°,Nhiều mây,22°/29°,84%,10 km,0.44 km/giờ,4.63,Tốt
Bắc Kạn,11/09/2022,14:22,30°,Nhiều mây,22°/30°,71%,10 km,0.49 km/giờ,7.96,Tốt
Tuyên Quang,11/09/2022,14:22,30°,Nhiều mây,22°/30°,75%,10 km,1.2 km/giờ,8,Tốt
Thái Nguyên,11/09/2022,14:22,32°,Mây cụm,24°/32°,58%,10 km,2.02 km/giờ,5.63,Kém
Lạng Sơn,11/09/2022,14:22,29°,Nhiều mây,22°/31°,70%,10 km,0.17 km/giờ,7.38,Kém
Quảng Ninh,11/09/2022,14:22,32°,Mây cụm,23°/33°,56%,10 km,2.3 km/giờ,7.19,Kém
Bắc Giang,11/09/2022,14:22,32°,Mây cụm,24°/32°,55%,10 km,2.16 km/giờ,7.22,Kém
Phú Thọ,11/09/2022,14:22,32°,Mây cụm,23°/32°,60%,10 km,2.4 km/giờ,6.32,Khá
Lào Cai,11/09/2022,14:22,29°,Nhiều mây,23°/30°,81%,10 km,0.87 km/giờ,7.54,Tốt
Điện Biên,11/09/2022,14:22,28°,Mây cụm,21°/28°,85%,10 km,0.74 km/giờ,8.57,Tốt
Lai Châu,11/09/2022,14:22,29°,Nhiều mây,22°/29°,82%,10 km,0.42 km/giờ,6.78,Tốt
Sơn La,11/09/2022,14:22,28°,Mây rải rác,20°/28°,71%,10 km,1.04 km/giờ,7.83,Tốt
Yên Bái,11/09/2022,14:22,30°,Mây cụm,23°/30°,73%,10 km,0.55 km/giờ,6.47,Tốt
Hoà Bình,11/09/2022,14:22,32°,Nhiều mây,23°/32°,64%,10 km,1.71 km/giờ,7.37,Khá
Hà Nội,11/09/2022,14:22,32°,Mây thưa,24°/32°,62%,10 km,2.06 km/giờ,6.27,Kém
Vĩnh Phúc,11/09/2022,14:22,32°,Mây cụm,23°/32°,58%,10 km,2.61 km/giờ,6.27,Kém
Bắc Ninh,11/09/2022,14:22,32°,Mây cụm,24°/32°,55%,10 km,2.17 km/giờ,7.22,Rất kém
Hải Dương,11/09/2022,14:22,33°,Mây rải rác,24°/33°,55%,10 km,2.02 km/giờ,5.28,Rất kém
Hải Phòng,11/09/2022,14:22,33°,Mây rải rác,24°/33°,55%,10 km,2.57 km/giờ,7.73,Rất kém
Hưng Yên,11/09/2022,14:22,33°,Mây cụm,23°/33°,56%,10 km,2.71 km/giờ,5.28,Rất kém
Thái Bình,11/09/2022,14:22,31°,Mây cụm,24°/31°,66%,10 km,3.05 km/giờ,4.64,Rất kém
Hà Nam,11/09/2022,14:22,33°,Mây cụm,23°/33°,56%,10 km,2.72 km/giờ,7.89,Kém
Nam Định,11/09/2022,14:22,31°,Mây rải rác,24°/31°,62%,10 km,2.84 km/giờ,4.64,Rất kém
Ninh Bình,11/09/2022,14:22,32°,Mây rải rác,24°/32°,57%,10 km,2.88 km/giờ,7.78,Rất kém
Thanh Hóa,11/09/2022,14:22,32°,Mây thưa,24°/32°,57%,10 km,3.06 km/giờ,8.05,Kém
Nghệ An,11/09/2022,14:22,30°,Mây cụm,24°/30°,71%,10 km,2.77 km/giờ,7.85,Trung bình
Hà Tĩnh,11/09/2022,14:22,30°,Mây cụm,24°/31°,70%,10 km,3.98 km/giờ,7.89,Khá
Quảng Bình,11/09/2022,14:22,32°,Nhiều mây,23°/33°,59%,10 km,3.18 km/giờ,5.88,Tốt
Quảng Trị,11/09/2022,14:22,31°,Nhiều mây,23°/32°,62%,10 km,3.88 km/giờ,7.21,Tốt
Thừa Thiên Huế,11/09/2022,14:22,32°,Mây rải rác,23°/32°,62%,10 km,3.09 km/giờ,7.29,Khá
Đà Nẵng,11/09/2022,14:22,32°,Mây thưa,25°/32°,66%,10 km,4.63 km/giờ,7.39,Khá
Quảng Nam,11/09/2022,14:22,30°,Bầu trời quang đãng,24°/31°,64%,10 km,3.25 km/giờ,7.86,Khá
Quảng Ngãi,11/09/2022,14:22,31°,Mây cụm,23°/31°,61%,10 km,3.81 km/giờ,7.86,Khá
Bình Định,11/09/2022,14:22,29°,Mây thưa,24°/30°,72%,10 km,4.58 km/giờ,7.64,Tốt
Phú Yên,11/09/2022,14:22,28°,Mây cụm,21°/32°,76%,10 km,3.3 km/giờ,2.78,Tốt
Khánh Hòa,11/09/2022,14:22,32°,Mây rải rác,23°/32°,62%,10 km,3.78 km/giờ,6.44,Khá
Ninh Thuận,11/09/2022,14:22,30°,Nhiều mây,24°/32°,67%,10 km,4.64 km/giờ,3.35,Khá
Bình Thuận,11/09/2022,14:22,28°,Nhiều mây,22°/33°,73%,10 km,3.71 km/giờ,7.33,Tốt
Kon Tum,11/09/2022,14:22,30°,Mây rải rác,20°/30°,62%,10 km,0.81 km/giờ,3.5,Tốt
Gia Lai,11/09/2022,14:22,29°,Mây rải rác,20°/29°,64%,10 km,4.3 km/giờ,6.24,Tốt
Đắk Lắk,11/09/2022,14:22,29°,Mây cụm,20°/30°,61%,10 km,1.49 km/giờ,6.86,Tốt
Đắk Nông,11/09/2022,14:22,29°,Mây cụm,20°/30°,61%,10 km,1.49 km/giờ,6.86,Tốt
Lâm Đồng,11/09/2022,14:22,24°,Mưa nhẹ,19°/30°,89%,5.68 km,1.82 km/giờ,7.33,Khá
Bình Phước,11/09/2022,14:22,31°,Mây cụm,21°/31°,67%,10 km,2.06 km/giờ,8.63,Tốt
Tây Ninh,11/09/2022,14:22,33°,Mây rải rác,24°/33°,54%,10 km,2.83 km/giờ,8.65,Kém
Bình Dương,11/09/2022,14:22,34°,Mây rải rác,24°/34°,55%,10 km,3.09 km/giờ,4.04,Khá
Đồng Nai,11/09/2022,14:22,34°,Mây cụm,24°/33°,61%,10 km,2.55 km/giờ,4.04,Khá
Bà Rịa - Vũng Tàu,11/09/2022,14:22,30°,Nhiều mây,22°/32°,69%,10 km,3.87 km/giờ,3.75,Tốt
Hồ Chí Minh,11/09/2022,14:22,34°,Mây rải rác,24°/34°,55%,10 km,3.09 km/giờ,4.04,Kém
Long An,11/09/2022,14:22,29°,Mây cụm,24°/31°,77%,10 km,4.03 km/giờ,6.58,Kém
Tiền Giang,11/09/2022,14:22,27°,Nhiều mây,23°/31°,85%,10 km,2.73 km/giờ,2.31,Kém
Bến Tre,11/09/2022,14:22,27°,Nhiều mây,23°/32°,85%,10 km,2.1 km/giờ,2.31,Kém
Trà Vinh,11/09/2022,14:22,29°,Nhiều mây,23°/31°,75%,10 km,2.22 km/giờ,2.6,Kém
Vĩnh Long,11/09/2022,14:22,31°,Nhiều mây,23°/32°,88%,10 km,2.83 km/giờ,1.59,Khá
Đồng Tháp,11/09/2022,14:22,31°,Nhiều mây,24°/31°,84%,10 km,3.62 km/giờ,1.59,Kém
An Giang,11/09/2022,14:22,31°,Nhiều mây,24°/31°,82%,10 km,2.89 km/giờ,1.1,Rất kém
Kiên Giang,11/09/2022,14:22,26°,Nhiều mây,25°/29°,85%,10 km,4.3 km/giờ,2.5,Khá
Cần Thơ,11/09/2022,14:22,31°,Mây rải rác,23°/32°,66%,10 km,1.54 km/giờ,1.59,Rất kém
Hậu Giang,11/09/2022,14:22,31°,Nhiều mây,24°/32°,88%,10 km,3.75 km/giờ,2.5,Khá
Sóc Trăng,11/09/2022,14:22,27°,Nhiều mây,24°/30°,84%,10 km,2.67 km/giờ,1.87,Kém
Bạc Liêu,11/09/2022,14:22,26°,Nhiều mây,24°/31°,88%,10 km,3.53 km/giờ,3.17,Tốt
Cà Mau,11/09/2022,14:23,24°,Nhiều mây,24°/31°,95%,7.46 km,3 km/giờ,4.58,Tốt
Hà Giang,11/09/2022,15:15,28°,Mây cụm,21°/31°,89%,10 km,1.32 km/giờ,4.99,Tốt
Cao Bằng,11/09/2022,15:15,26°,Nhiều mây,22°/29°,92%,10 km,0.56 km/giờ,2.77,Tốt
Bắc Kạn,11/09/2022,15:15,29°,Nhiều mây,22°/30°,82%,10 km,0.63 km/giờ,4.8,Tốt
Tuyên Quang,11/09/2022,15:15,30°,Nhiều mây,22°/30°,75%,10 km,0.98 km/giờ,4.87,Tốt
Thái Nguyên,11/09/2022,15:15,33°,Mây cụm,24°/33°,62%,10 km,1.81 km/giờ,3.4,Kém
Lạng Sơn,11/09/2022,15:15,29°,Nhiều mây,22°/31°,74%,10 km,1.12 km/giờ,4.37,Kém
Quảng Ninh,11/09/2022,15:15,31°,Nhiều mây,23°/33°,61%,10 km,2.86 km/giờ,4.21,Kém
Bắc Giang,11/09/2022,15:15,33°,Mây cụm,24°/33°,55%,10 km,2.29 km/giờ,4.32,Kém
Phú Thọ,11/09/2022,15:15,31°,Mây cụm,23°/31°,66%,10 km,2.36 km/giờ,3.84,Tốt
Lào Cai,11/09/2022,15:15,29°,Nhiều mây,23°/30°,83%,9.56 km,0.99 km/giờ,4.71,Tốt
Điện Biên,11/09/2022,15:15,28°,Mưa nhẹ,21°/28°,82%,10 km,0.38 km/giờ,5.39,Tốt
Lai Châu,11/09/2022,15:15,29°,Nhiều mây,22°/29°,82%,10 km,0.29 km/giờ,4.27,Tốt
Sơn La,11/09/2022,15:15,28°,Mưa nhẹ,20°/28°,73%,10 km,1 km/giờ,4.89,Tốt
Yên Bái,11/09/2022,15:15,29°,Mây cụm,23°/29°,79%,7.38 km,0.72 km/giờ,3.97,Tốt
Hoà Bình,11/09/2022,15:15,31°,Nhiều mây,23°/31°,71%,10 km,1.69 km/giờ,4.48,Khá
Hà Nội,11/09/2022,15:15,33°,Mây rải rác,24°/33°,58%,10 km,2.06 km/giờ,3.78,Rất kém
Vĩnh Phúc,11/09/2022,15:15,33°,Mây cụm,23°/33°,62%,10 km,2.43 km/giờ,3.78,Trung bình
Bắc Ninh,11/09/2022,15:15,33°,Mây cụm,24°/33°,58%,10 km,2.55 km/giờ,4.32,Rất kém
Hải Dương,11/09/2022,15:15,33°,Mây cụm,24°/33°,61%,10 km,2.3 km/giờ,3.15,Rất kém
Hải Phòng,11/09/2022,15:15,33°,Mây rải rác,24°/33°,62%,10 km,3.6 km/giờ,4.58,Rất kém
Hưng Yên,11/09/2022,15:15,31°,Mây cụm,23°/31°,66%,10 km,3.29 km/giờ,3.15,Rất kém
Thái Bình,11/09/2022,15:15,30°,Mây rải rác,24°/31°,68%,10 km,3.28 km/giờ,2.77,Rất kém
Hà Nam,11/09/2022,15:15,31°,Mây cụm,23°/31°,63%,10 km,3.3 km/giờ,4.75,Rất kém
Nam Định,11/09/2022,15:15,31°,Mây rải rác,24°/31°,65%,10 km,3.27 km/giờ,2.77,Rất kém
Ninh Bình,11/09/2022,15:15,32°,Mây thưa,24°/32°,59%,10 km,3.58 km/giờ,4.69,Rất kém
Thanh Hóa,11/09/2022,15:15,31°,Mây thưa,24°/31°,61%,10 km,3.75 km/giờ,4.85,Kém
Nghệ An,11/09/2022,15:15,30°,Mây cụm,24°/30°,73%,10 km,3.87 km/giờ,4.73,Trung bình
Hà Tĩnh,11/09/2022,15:15,30°,Mây cụm,24°/31°,74%,10 km,4.37 km/giờ,4.75,Khá
Quảng Bình,11/09/2022,15:15,31°,Mây cụm,23°/33°,63%,10 km,3.26 km/giờ,3.51,Tốt
Quảng Trị,11/09/2022,15:15,30°,Nhiều mây,23°/32°,64%,10 km,3.58 km/giờ,4.22,Tốt
Thừa Thiên Huế,11/09/2022,15:15,32°,Mây rải rác,23°/32°,66%,10 km,3.6 km/giờ,4.22,Khá
Đà Nẵng,11/09/2022,15:15,32°,Mây thưa,25°/32°,62%,10 km,5.14 km/giờ,4.24,Khá
Quảng Nam,11/09/2022,15:15,30°,Bầu trời quang đãng,24°/31°,67%,10 km,3.57 km/giờ,4.51,Khá
Quảng Ngãi,11/09/2022,15:15,30°,Mây cụm,23°/31°,64%,10 km,3.53 km/giờ,4.46,Khá
Bình Định,11/09/2022,15:15,29°,Mây thưa,24°/30°,71%,10 km,4.38 km/giờ,4.29,Tốt
Phú Yên,11/09/2022,15:15,28°,Mưa nhẹ,21°/32°,73%,10 km,3.3 km/giờ,1.56,Tốt
Khánh Hòa,11/09/2022,15:15,30°,Mây rải rác,23°/32°,74%,10 km,3.35 km/giờ,3.6,Khá
Ninh Thuận,11/09/2022,15:15,30°,Nhiều mây,24°/32°,68%,10 km,4.21 km/giờ,1.9,Khá
Bình Thuận,11/09/2022,15:15,28°,Nhiều mây,22°/33°,75%,10 km,3.3 km/giờ,4.19,Tốt
Kon Tum,11/09/2022,15:15,28°,Mây cụm,20°/29°,71%,10 km,1.51 km/giờ,2.01,Tốt
Gia Lai,11/09/2022,15:15,28°,Mây rải rác,20°/29°,70%,10 km,4.17 km/giờ,3.54,Tốt
Đắk Lắk,11/09/2022,15:15,28°,Mây cụm,20°/30°,67%,10 km,1.84 km/giờ,3.93,Tốt
Đắk Nông,11/09/2022,15:15,28°,Mây cụm,20°/30°,67%,10 km,1.84 km/giờ,3.93,Tốt
Lâm Đồng,11/09/2022,15:15,24°,Nhiều mây,19°/30°,91%,5.01 km,1.54 km/giờ,4.19,Khá
Bình Phước,11/09/2022,15:15,30°,Nhiều mây,21°/31°,72%,10 km,2.17 km/giờ,5.08,Tốt
Tây Ninh,11/09/2022,15:15,32°,Mây cụm,24°/32°,56%,10 km,3.26 km/giờ,5.13,Kém
Bình Dương,11/09/2022,15:15,31°,Mây rải rác,24°/31°,70%,10 km,3.09 km/giờ,2.37,Khá
Đồng Nai,11/09/2022,15:15,31°,Mây cụm,24°/31°,74%,10 km,4.38 km/giờ,2.37,Trung bình
Bà Rịa - Vũng Tàu,11/09/2022,15:15,29°,Mây cụm,22°/32°,71%,10 km,3.51 km/giờ,2.18,Tốt
Hồ Chí Minh,11/09/2022,15:15,31°,Mây rải rác,24°/32°,70%,10 km,3.09 km/giờ,2.37,Kém
Long An,11/09/2022,15:15,28°,Mây cụm,24°/31°,81%,10 km,4.33 km/giờ,3.9,Kém
Tiền Giang,11/09/2022,15:15,28°,Mưa nhẹ,23°/31°,78%,10 km,2.47 km/giờ,1.37,Kém
Bến Tre,11/09/2022,15:15,29°,Mưa nhẹ,23°/32°,75%,10 km,1.97 km/giờ,1.37,Kém
Trà Vinh,11/09/2022,15:15,29°,Nhiều mây,23°/32°,72%,10 km,2.7 km/giờ,1.54,Kém
Vĩnh Long,11/09/2022,15:15,29°,Nhiều mây,23°/31°,84%,10 km,3.18 km/giờ,0.95,Khá
Đồng Tháp,11/09/2022,15:15,29°,Nhiều mây,24°/31°,87%,10 km,2.96 km/giờ,0.95,Kém
An Giang,11/09/2022,15:15,29°,Nhiều mây,24°/30°,88%,10 km,2.79 km/giờ,0.66,Rất kém
Kiên Giang,11/09/2022,15:15,27°,Nhiều mây,25°/29°,85%,10 km,4.31 km/giờ,1.5,Tốt
Cần Thơ,11/09/2022,15:15,29°,Mây rải rác,23°/30°,79%,6 km,4.12 km/giờ,0.95,Rất kém
Hậu Giang,11/09/2022,15:15,29°,Nhiều mây,24°/30°,89%,10 km,3.8 km/giờ,1.5,Khá
Sóc Trăng,11/09/2022,15:15,27°,Nhiều mây,24°/31°,84%,10 km,3.02 km/giờ,1.11,Kém
Bạc Liêu,11/09/2022,15:15,26°,Nhiều mây,24°/31°,88%,10 km,4.27 km/giờ,1.89,Tốt
Cà Mau,11/09/2022,15:15,24°,Nhiều mây,24°/31°,95%,10 km,3.06 km/giờ,2.75,Tốt
Hà Giang,11/09/2022,16:15,27°,Mây cụm,21°/31°,92%,10 km,1.18 km/giờ,2.21,Tốt
Cao Bằng,11/09/2022,16:15,25°,Nhiều mây,22°/29°,94%,10 km,0.38 km/giờ,1.2,Tốt
Bắc Kạn,11/09/2022,16:15,27°,Nhiều mây,22°/30°,92%,10 km,0.93 km/giờ,2.1,Tốt
Tuyên Quang,11/09/2022,16:15,28°,Nhiều mây,22°/28°,85%,8.93 km,0.61 km/giờ,2.16,Tốt
Thái Nguyên,11/09/2022,16:15,32°,Nhiều mây,24°/32°,67%,10 km,1.6 km/giờ,1.49,Kém
Lạng Sơn,11/09/2022,16:15,28°,Nhiều mây,22°/31°,79%,10 km,1.63 km/giờ,1.87,Kém
Quảng Ninh,11/09/2022,16:15,29°,Nhiều mây,23°/33°,69%,10 km,2.44 km/giờ,1.78,Kém
Bắc Giang,11/09/2022,16:15,32°,Mây cụm,24°/32°,57%,10 km,2.32 km/giờ,1.87,Kém
Phú Thọ,11/09/2022,16:15,30°,Mây cụm,23°/30°,75%,6.62 km,2.01 km/giờ,1.7,Tốt
Lào Cai,11/09/2022,16:15,29°,Nhiều mây,23°/31°,85%,10 km,1.2 km/giờ,2.16,Tốt
Điện Biên,11/09/2022,16:15,27°,Mưa vừa,21°/28°,93%,7.82 km,0.44 km/giờ,2.51,Tốt
Lai Châu,11/09/2022,16:15,28°,Nhiều mây,22°/29°,82%,10 km,0.28 km/giờ,1.99,Tốt
Sơn La,11/09/2022,16:15,27°,Mưa nhẹ,20°/27°,83%,10 km,1.06 km/giờ,2.24,Tốt
Yên Bái,11/09/2022,16:15,28°,Nhiều mây,23°/29°,83%,7.2 km,1.1 km/giờ,1.78,Tốt
Hoà Bình,11/09/2022,16:15,30°,Nhiều mây,23°/30°,79%,10 km,1.1 km/giờ,1.98,Tốt
Hà Nội,11/09/2022,16:15,32°,Mây rải rác,24°/32°,62%,10 km,2.57 km/giờ,1.65,Rất kém
Vĩnh Phúc,11/09/2022,16:15,32°,Mây cụm,23°/32°,69%,10 km,2.33 km/giờ,1.65,Trung bình
Bắc Ninh,11/09/2022,16:15,32°,Mây cụm,24°/32°,64%,10 km,2.58 km/giờ,1.87,Rất kém
Hải Dương,11/09/2022,16:15,31°,Mây cụm,24°/31°,67%,10 km,2.53 km/giờ,1.36,Rất kém
Hải Phòng,11/09/2022,16:15,31°,Mây rải rác,24°/32°,66%,10 km,4.12 km/giờ,1.95,Rất kém
Hưng Yên,11/09/2022,16:15,30°,Mây cụm,23°/30°,73%,10 km,3.17 km/giờ,1.36,Rất kém
Thái Bình,11/09/2022,16:15,30°,Mây rải rác,24°/30°,70%,10 km,3.39 km/giờ,1.2,Rất kém
Hà Nam,11/09/2022,16:15,30°,Mây cụm,23°/30°,70%,10 km,3.25 km/giờ,2.08,Rất kém
Nam Định,11/09/2022,16:15,30°,Mây rải rác,24°/31°,68%,10 km,3.44 km/giờ,1.2,Rất kém
Ninh Bình,11/09/2022,16:15,31°,Mây thưa,24°/31°,63%,10 km,3.84 km/giờ,2.04,Rất kém
Thanh Hóa,11/09/2022,16:15,30°,Mây thưa,24°/30°,67%,10 km,3.88 km/giờ,2.11,Kém
Nghệ An,11/09/2022,16:15,29°,Mây rải rác,24°/30°,77%,10 km,4.51 km/giờ,2.06,Trung bình
Hà Tĩnh,11/09/2022,16:15,29°,Mây cụm,24°/31°,75%,10 km,4.03 km/giờ,2.07,Tốt
Quảng Bình,11/09/2022,16:15,30°,Mây cụm,23°/33°,68%,10 km,3.12 km/giờ,1.51,Tốt
Quảng Trị,11/09/2022,16:15,30°,Nhiều mây,23°/32°,67%,10 km,3.41 km/giờ,1.76,Khá
Thừa Thiên Huế,11/09/2022,16:15,31°,Mây thưa,23°/31°,66%,10 km,4.63 km/giờ,1.74,Khá
Đà Nẵng,11/09/2022,16:15,31°,Mây thưa,25°/31°,66%,10 km,5.66 km/giờ,1.72,Trung bình
Quảng Nam,11/09/2022,16:15,29°,Mây rải rác,24°/31°,71%,10 km,3.31 km/giờ,1.83,Kém
Quảng Ngãi,11/09/2022,16:15,30°,Mây cụm,23°/31°,69%,10 km,3.35 km/giờ,1.78,Trung bình
Bình Định,11/09/2022,16:15,29°,Mây thưa,24°/30°,72%,10 km,3.94 km/giờ,1.67,Tốt
Phú Yên,11/09/2022,16:15,28°,Mưa nhẹ,21°/32°,72%,10 km,3.16 km/giờ,0.61,Tốt
Khánh Hòa,11/09/2022,16:15,30°,Mây rải rác,23°/32°,78%,10 km,2.52 km/giờ,1.4,Khá
Ninh Thuận,11/09/2022,16:15,29°,Mây cụm,24°/32°,70%,10 km,3.77 km/giờ,0.75,Khá
Bình Thuận,11/09/2022,16:15,27°,Nhiều mây,22°/33°,79%,10 km,2.95 km/giờ,1.68,Tốt
Kon Tum,11/09/2022,16:15,26°,Mây cụm,20°/29°,83%,7.97 km,1.3 km/giờ,0.81,Tốt
Gia Lai,11/09/2022,16:15,27°,Mây rải rác,20°/29°,78%,10 km,3.36 km/giờ,1.41,Tốt
Đắk Lắk,11/09/2022,16:15,26°,Mây cụm,20°/30°,84%,10 km,2.17 km/giờ,1.58,Tốt
Đắk Nông,11/09/2022,16:15,26°,Mây cụm,20°/30°,84%,10 km,2.17 km/giờ,1.58,Tốt
Lâm Đồng,11/09/2022,16:15,23°,Nhiều mây,19°/30°,95%,5.03 km,1.3 km/giờ,1.68,Khá
Bình Phước,11/09/2022,16:15,28°,Nhiều mây,21°/31°,91%,5.39 km,0.91 km/giờ,2.12,Khá
Tây Ninh,11/09/2022,16:15,30°,Mây cụm,24°/32°,69%,10 km,4.52 km/giờ,2.17,Rất kém
Bình Dương,11/09/2022,16:15,29°,Mây rải rác,24°/31°,79%,7 km,1.54 km/giờ,0.99,Kém
Đồng Nai,11/09/2022,16:15,29°,Mây cụm,24°/31°,78%,10 km,3.71 km/giờ,0.99,Trung bình
Bà Rịa - Vũng Tàu,11/09/2022,16:15,29°,Mây cụm,22°/32°,74%,10 km,3.45 km/giờ,0.9,Tốt
Hồ Chí Minh,11/09/2022,16:15,29°,Mây rải rác,24°/32°,79%,7 km,1.54 km/giờ,0.99,Kém
Long An,11/09/2022,16:15,28°,Mây cụm,24°/31°,82%,10 km,3.96 km/giờ,1.65,Kém
Tiền Giang,11/09/2022,16:15,29°,Mưa vừa,23°/32°,76%,10 km,2.6 km/giờ,0.58,Kém
Bến Tre,11/09/2022,16:15,29°,Mưa nhẹ,23°/32°,76%,10 km,2.16 km/giờ,0.58,Kém
Trà Vinh,11/09/2022,16:15,28°,Nhiều mây,23°/32°,77%,10 km,2.84 km/giờ,0.65,Kém
Vĩnh Long,11/09/2022,16:15,28°,Nhiều mây,23°/31°,81%,10 km,3.87 km/giờ,0.41,Khá
Đồng Tháp,11/09/2022,16:15,28°,Nhiều mây,24°/31°,87%,10 km,2.85 km/giờ,0.41,Kém
An Giang,11/09/2022,16:15,28°,Nhiều mây,24°/30°,87%,10 km,3.12 km/giờ,0.29,Rất kém
Kiên Giang,11/09/2022,16:15,26°,Nhiều mây,25°/29°,87%,10 km,4.67 km/giờ,0.65,Tốt
Cần Thơ,11/09/2022,16:15,28°,Mây rải rác,23°/30°,83%,10 km,1.54 km/giờ,0.41,Rất kém
Hậu Giang,11/09/2022,16:15,28°,Nhiều mây,24°/30°,91%,10 km,3.38 km/giờ,0.65,Khá
Sóc Trăng,11/09/2022,16:15,26°,Nhiều mây,24°/31°,87%,10 km,2.93 km/giờ,0.47,Kém
Bạc Liêu,11/09/2022,16:15,26°,Nhiều mây,24°/31°,90%,10 km,4 km/giờ,0.81,Tốt
Cà Mau,11/09/2022,16:15,24°,Nhiều mây,24°/31°,95%,10 km,2.79 km/giờ,1.19,Tốt
Hà Giang,11/09/2022,17:15,26°,Mây cụm,21°/31°,94%,10 km,0.95 km/giờ,0.57,Tốt
Cao Bằng,11/09/2022,17:15,25°,Nhiều mây,22°/29°,95%,10 km,0.46 km/giờ,0.38,Tốt
Bắc Kạn,11/09/2022,17:15,25°,Nhiều mây,22°/30°,94%,10 km,1.15 km/giờ,0.5,Khá
Tuyên Quang,11/09/2022,17:15,26°,Nhiều mây,22°/28°,93%,10 km,0.76 km/giờ,0.5,Tốt
Thái Nguyên,11/09/2022,17:15,32°,Nhiều mây,24°/32°,78%,10 km,1.25 km/giờ,0.41,Kém
Lạng Sơn,11/09/2022,17:15,27°,Nhiều mây,22°/31°,87%,10 km,1.56 km/giờ,0.25,Kém
Quảng Ninh,11/09/2022,17:15,28°,Nhiều mây,23°/33°,77%,10 km,1.57 km/giờ,0.27,Kém
Bắc Giang,11/09/2022,17:15,32°,Mây cụm,24°/32°,65%,10 km,2.15 km/giờ,0.42,Rất kém
Phú Thọ,11/09/2022,17:15,28°,Mây cụm,23°/30°,82%,8.62 km,1.26 km/giờ,0.51,Khá
Lào Cai,11/09/2022,17:15,27°,Nhiều mây,23°/31°,90%,10 km,1.03 km/giờ,0.51,Tốt
Điện Biên,11/09/2022,17:15,25°,Nhiều mây,21°/28°,96%,7.13 km,0.3 km/giờ,0.69,Tốt
Lai Châu,11/09/2022,17:15,27°,Nhiều mây,22°/27°,89%,10 km,0.27 km/giờ,0.7,Tốt
Sơn La,11/09/2022,17:15,24°,Mây cụm,20°/26°,91%,10 km,1.07 km/giờ,0.64,Tốt
Yên Bái,11/09/2022,17:15,27°,Nhiều mây,23°/29°,85%,6.62 km,0.84 km/giờ,0.38,Tốt
Hoà Bình,11/09/2022,17:15,29°,Nhiều mây,23°/29°,84%,10 km,0.91 km/giờ,0.43,Khá
Hà Nội,11/09/2022,17:15,32°,Mây thưa,24°/32°,62%,10 km,3.6 km/giờ,0.42,Rất kém
Vĩnh Phúc,11/09/2022,17:15,31°,Mây cụm,23°/32°,78%,10 km,2.3 km/giờ,0.42,Kém
Bắc Ninh,11/09/2022,17:15,31°,Mây cụm,24°/32°,70%,10 km,2.51 km/giờ,0.42,Rất kém
Hải Dương,11/09/2022,17:15,31°,Mây cụm,24°/31°,75%,10 km,3.25 km/giờ,0.31,Rất kém
Hải Phòng,11/09/2022,17:15,31°,Mây thưa,24°/32°,70%,10 km,3.09 km/giờ,0.46,Rất kém
Hưng Yên,11/09/2022,17:15,29°,Mây cụm,23°/30°,77%,10 km,3.23 km/giờ,0.31,Rất kém
Thái Bình,11/09/2022,17:15,29°,Mây rải rác,24°/30°,76%,10 km,3.6 km/giờ,0.52,Rất kém
Hà Nam,11/09/2022,17:15,29°,Mây cụm,23°/30°,75%,10 km,3.33 km/giờ,0.52,Rất kém
Nam Định,11/09/2022,17:15,29°,Mây rải rác,24°/30°,75%,10 km,3.67 km/giờ,0.52,Rất kém
Ninh Bình,11/09/2022,17:15,29°,Mây thưa,24°/31°,72%,10 km,3.74 km/giờ,0.54,Rất kém
Thanh Hóa,11/09/2022,17:15,28°,Mây thưa,24°/29°,75%,10 km,3.4 km/giờ,0.53,Rất kém
Nghệ An,11/09/2022,17:15,28°,Mây rải rác,24°/30°,81%,10 km,3.97 km/giờ,0.5,Trung bình
Hà Tĩnh,11/09/2022,17:15,29°,Mây rải rác,24°/31°,78%,10 km,3.65 km/giờ,0.52,Tốt
Quảng Bình,11/09/2022,17:15,28°,Mây cụm,23°/33°,76%,10 km,2.37 km/giờ,0.49,Tốt
Quảng Trị,11/09/2022,17:15,29°,Nhiều mây,23°/32°,73%,10 km,2.79 km/giờ,0.46,Khá
Thừa Thiên Huế,11/09/2022,17:15,30°,Mây thưa,23°/31°,74%,10 km,3.6 km/giờ,0.41,Trung bình
Đà Nẵng,11/09/2022,17:15,30°,Mây thưa,25°/30°,74%,10 km,5.14 km/giờ,0.38,Kém
Quảng Nam,11/09/2022,17:15,28°,Mây rải rác,24°/31°,78%,10 km,2.61 km/giờ,0.4,Kém
Quảng Ngãi,11/09/2022,17:15,28°,Mây cụm,23°/31°,78%,10 km,2.65 km/giờ,0.38,Kém
Bình Định,11/09/2022,17:15,29°,Mây thưa,24°/30°,75%,10 km,3.31 km/giờ,0.35,Khá
Phú Yên,11/09/2022,17:15,26°,Mây cụm,21°/32°,77%,10 km,2.46 km/giờ,0.12,Tốt
Khánh Hòa,11/09/2022,17:15,29°,Mây cụm,23°/32°,87%,10 km,1.94 km/giờ,0.31,Khá
Ninh Thuận,11/09/2022,17:15,28°,Mây cụm,24°/32°,78%,10 km,2.99 km/giờ,0.31,Khá
Bình Thuận,11/09/2022,17:15,26°,Nhiều mây,22°/33°,84%,10 km,2.64 km/giờ,0.4,Tốt
Kon Tum,11/09/2022,17:15,24°,Mây cụm,20°/29°,90%,10 km,0.74 km/giờ,0.32,Tốt
Gia Lai,11/09/2022,17:15,25°,Mây cụm,20°/29°,85%,10 km,2.33 km/giờ,0.39,Tốt
Đắk Lắk,11/09/2022,17:15,24°,Mây cụm,20°/30°,92%,10 km,2.39 km/giờ,0.25,Tốt
Đắk Nông,11/09/2022,17:15,24°,Mây cụm,20°/30°,92%,10 km,2.39 km/giờ,0.25,Tốt
Lâm Đồng,11/09/2022,17:15,22°,Nhiều mây,19°/30°,97%,6.45 km,1.05 km/giờ,0.4,Khá
Bình Phước,11/09/2022,17:15,26°,Nhiều mây,21°/31°,93%,4.85 km,1.17 km/giờ,0.46,Khá
Tây Ninh,11/09/2022,17:15,29°,Mây cụm,24°/32°,77%,10 km,4.77 km/giờ,0.49,Rất kém
Bình Dương,11/09/2022,17:15,29°,Mây rải rác,24°/31°,79%,10 km,2.06 km/giờ,0.14,Kém
Đồng Nai,11/09/2022,17:15,29°,Mây cụm,24°/31°,81%,7.28 km,3.53 km/giờ,0.14,Khá
Bà Rịa - Vũng Tàu,11/09/2022,17:15,27°,Mây cụm,22°/32°,79%,10 km,2.95 km/giờ,0.11,Tốt
Hồ Chí Minh,11/09/2022,17:15,29°,Mây rải rác,24°/32°,79%,10 km,2.06 km/giờ,0.14,Trung bình
Long An,11/09/2022,17:15,27°,Mây cụm,24°/31°,85%,10 km,3.42 km/giờ,0.08,Kém
Tiền Giang,11/09/2022,17:15,27°,Mây cụm,23°/32°,83%,10 km,2.46 km/giờ,0.07,Trung bình
Bến Tre,11/09/2022,17:15,27°,Mây cụm,23°/32°,83%,10 km,2.1 km/giờ,0.07,Trung bình
Trà Vinh,11/09/2022,17:15,27°,Nhiều mây,23°/32°,84%,10 km,2.44 km/giờ,0.42,Kém
Vĩnh Long,11/09/2022,17:15,28°,Nhiều mây,23°/31°,83%,10 km,3.46 km/giờ,0.09,Kém
Đồng Tháp,11/09/2022,17:15,28°,Nhiều mây,24°/31°,87%,10 km,3.18 km/giờ,0.09,Kém
An Giang,11/09/2022,17:15,28°,Nhiều mây,24°/30°,87%,10 km,2.81 km/giờ,0.09,Rất kém
Kiên Giang,11/09/2022,17:15,26°,Nhiều mây,25°/29°,87%,10 km,5.18 km/giờ,0.56,Tốt
Cần Thơ,11/09/2022,17:15,28°,Bão,23°/30°,78%,8 km,1.54 km/giờ,0.09,Rất kém
Hậu Giang,11/09/2022,17:15,28°,Nhiều mây,24°/30°,93%,10 km,3.18 km/giờ,0.56,Khá
Sóc Trăng,11/09/2022,17:15,26°,Nhiều mây,24°/31°,89%,10 km,2.44 km/giờ,0.26,Kém
Bạc Liêu,11/09/2022,17:15,25°,Nhiều mây,24°/31°,91%,10 km,3.63 km/giờ,0.39,Tốt
Cà Mau,11/09/2022,17:15,24°,Nhiều mây,24°/31°,95%,10 km,2.7 km/giờ,0.47,Tốt
Hà Giang,11/09/2022,19:15,23°,Mây cụm,21°/31°,96%,10 km,0.46 km/giờ,0,Tốt
Cao Bằng,11/09/2022,19:15,24°,Nhiều mây,22°/29°,97%,10 km,0.79 km/giờ,0,Khá
Bắc Kạn,11/09/2022,19:15,24°,Nhiều mây,22°/30°,97%,10 km,1.31 km/giờ,0,Khá
Tuyên Quang,11/09/2022,19:15,24°,Nhiều mây,22°/28°,97%,10 km,0.96 km/giờ,0,Tốt
Thái Nguyên,11/09/2022,19:15,30°,Nhiều mây,24°/29°,86%,10 km,1.22 km/giờ,0,Rất kém
Lạng Sơn,11/09/2022,19:15,24°,Nhiều mây,22°/31°,92%,10 km,1.53 km/giờ,0,Kém
Quảng Ninh,11/09/2022,19:15,26°,Nhiều mây,23°/33°,83%,10 km,0.66 km/giờ,0,Trung bình
Bắc Giang,11/09/2022,19:15,30°,Mây cụm,24°/30°,81%,10 km,3.04 km/giờ,0,Rất kém
Phú Thọ,11/09/2022,19:15,26°,Mây cụm,23°/30°,88%,10 km,1.36 km/giờ,0,Khá
Lào Cai,11/09/2022,19:15,25°,Nhiều mây,23°/31°,95%,10 km,0.96 km/giờ,0,Tốt
Điện Biên,11/09/2022,19:15,23°,Nhiều mây,21°/28°,98%,10 km,0.89 km/giờ,0,Tốt
Lai Châu,11/09/2022,19:15,24°,Nhiều mây,22°/27°,96%,6.49 km,0.54 km/giờ,0,Tốt
Sơn La,11/09/2022,19:15,22°,Mây cụm,20°/26°,97%,10 km,1.14 km/giờ,0,Khá
Yên Bái,11/09/2022,19:15,25°,Nhiều mây,23°/29°,90%,5.36 km,0.93 km/giờ,0,Khá
Hoà Bình,11/09/2022,19:15,26°,Nhiều mây,23°/27°,89%,10 km,0.97 km/giờ,0,Khá
Hà Nội,11/09/2022,19:15,30°,Bầu trời quang đãng,24°/30°,70%,10 km,2.57 km/giờ,0,Rất kém
Vĩnh Phúc,11/09/2022,19:15,30°,Mây cụm,23°/29°,84%,10 km,2.1 km/giờ,0,Kém
Bắc Ninh,11/09/2022,19:15,30°,Mây cụm,24°/29°,83%,10 km,3.36 km/giờ,0,Rất kém
Hải Dương,11/09/2022,19:15,30°,Mây rải rác,24°/31°,87%,10 km,2.96 km/giờ,0,Rất kém
Hải Phòng,11/09/2022,19:15,30°,Mây thưa,24°/32°,74%,10 km,2.57 km/giờ,0,Rất kém
Hưng Yên,11/09/2022,19:15,26°,Mây cụm,23°/30°,87%,10 km,2.76 km/giờ,0,Rất kém
Thái Bình,11/09/2022,19:15,27°,Mây thưa,24°/30°,81%,10 km,3.08 km/giờ,0,Rất kém
Hà Nam,11/09/2022,19:15,26°,Mây cụm,23°/30°,86%,10 km,2.69 km/giờ,0,Rất kém
Nam Định,11/09/2022,19:15,26°,Mây thưa,24°/30°,83%,10 km,2.98 km/giờ,0,Rất kém
Ninh Bình,11/09/2022,19:15,26°,Mây thưa,24°/31°,83%,10 km,2.55 km/giờ,0,Rất kém
Thanh Hóa,11/09/2022,19:15,26°,Mây rải rác,24°/29°,81%,10 km,2.23 km/giờ,0,Rất kém
Nghệ An,11/09/2022,19:15,27°,Mây rải rác,24°/30°,83%,10 km,2.64 km/giờ,0,Khá
Hà Tĩnh,11/09/2022,19:15,26°,Mây rải rác,24°/31°,84%,10 km,2.47 km/giờ,0,Tốt
Quảng Bình,11/09/2022,19:15,25°,Mây cụm,23°/33°,89%,10 km,1.48 km/giờ,0,Tốt
Quảng Trị,11/09/2022,19:15,26°,Mây cụm,23°/32°,83%,10 km,1.91 km/giờ,0,Kém
Thừa Thiên Huế,11/09/2022,19:15,29°,Mây rải rác,23°/31°,79%,10 km,3.09 km/giờ,0,Kém
Đà Nẵng,11/09/2022,19:15,29°,Mây thưa,25°/30°,74%,10 km,2.06 km/giờ,0,Kém
Quảng Nam,11/09/2022,19:15,25°,Mây cụm,24°/31°,88%,10 km,1.13 km/giờ,0,Kém
Quảng Ngãi,11/09/2022,19:15,25°,Mây cụm,23°/31°,88%,10 km,1.06 km/giờ,0,Kém
Bình Định,11/09/2022,19:15,27°,Mây thưa,24°/30°,78%,10 km,2.26 km/giờ,0,Kém
Phú Yên,11/09/2022,19:15,24°,Mây rải rác,21°/32°,89%,10 km,1.09 km/giờ,0,Khá
Khánh Hòa,11/09/2022,19:15,27°,Mây rải rác,23°/32°,91%,10 km,0.29 km/giờ,0,Khá
Ninh Thuận,11/09/2022,19:15,26°,Mây cụm,24°/32°,88%,10 km,1.1 km/giờ,0,Khá
Bình Thuận,11/09/2022,19:15,24°,Nhiều mây,22°/33°,93%,10 km,0.89 km/giờ,0,Tốt
Kon Tum,11/09/2022,19:15,22°,Mây cụm,20°/29°,95%,10 km,0.76 km/giờ,0,Tốt
Gia Lai,11/09/2022,19:15,22°,Mây cụm,20°/29°,94%,10 km,0.99 km/giờ,0,Khá
Đắk Lắk,11/09/2022,19:15,22°,Mây cụm,20°/30°,97%,10 km,2.16 km/giờ,0,Tốt
Đắk Nông,11/09/2022,19:15,22°,Mây cụm,20°/30°,97%,10 km,2.16 km/giờ,0,Tốt
Lâm Đồng,11/09/2022,19:15,20°,Nhiều mây,19°/30°,99%,8.81 km,0.19 km/giờ,0,Khá
Bình Phước,11/09/2022,19:15,23°,Nhiều mây,21°/31°,96%,10 km,1.32 km/giờ,0,Tốt
Tây Ninh,11/09/2022,19:15,26°,Mây cụm,24°/32°,87%,10 km,2.88 km/giờ,0,Rất kém
Bình Dương,11/09/2022,19:15,29°,Mây cụm,24°/31°,79%,10 km,4.12 km/giờ,0,Kém
Đồng Nai,11/09/2022,19:15,29°,Nhiều mây,24°/31°,87%,10 km,3.22 km/giờ,0,Khá
Bà Rịa - Vũng Tàu,11/09/2022,19:15,26°,Mây cụm,22°/32°,86%,10 km,1.86 km/giờ,0,Tốt
Hồ Chí Minh,11/09/2022,19:15,29°,Mây cụm,24°/32°,79%,10 km,4.12 km/giờ,0,Kém
Long An,11/09/2022,19:15,26°,Mây cụm,24°/31°,92%,10 km,2.99 km/giờ,0,Kém
Tiền Giang,11/09/2022,19:15,25°,Mây cụm,23°/32°,92%,10 km,1.97 km/giờ,0,Kém
Bến Tre,11/09/2022,19:15,25°,Mây cụm,23°/32°,93%,10 km,1.68 km/giờ,0,Kém
Trà Vinh,11/09/2022,19:15,26°,Nhiều mây,23°/32°,92%,10 km,1.94 km/giờ,0,Rất kém
Vĩnh Long,11/09/2022,19:15,24°,Nhiều mây,23°/31°,91%,10 km,2.47 km/giờ,0,Kém
Đồng Tháp,11/09/2022,19:15,24°,Nhiều mây,24°/31°,91%,10 km,2.92 km/giờ,0,Rất kém
An Giang,11/09/2022,19:15,24°,Nhiều mây,24°/30°,90%,10 km,2.75 km/giờ,0,Kém
Kiên Giang,11/09/2022,19:15,26°,Mưa nhẹ,25°/29°,87%,10 km,5.03 km/giờ,0,Tốt
Cần Thơ,11/09/2022,19:15,24°,Mây cụm,23°/30°,100%,7 km,1.54 km/giờ,0,Rất kém
Hậu Giang,11/09/2022,19:15,24°,Nhiều mây,24°/30°,95%,10 km,2.74 km/giờ,0,Kém
Sóc Trăng,11/09/2022,19:15,25°,Nhiều mây,24°/31°,94%,10 km,2.35 km/giờ,0,Kém
Bạc Liêu,11/09/2022,19:15,25°,Nhiều mây,24°/31°,93%,10 km,3.3 km/giờ,0,Tốt
Cà Mau,11/09/2022,19:15,24°,Nhiều mây,24°/31°,96%,10 km,1.53 km/giờ,0,Tốt
Hà Giang,11/09/2022,20:15,23°,Nhiều mây,21°/29°,97%,10 km,0.94 km/giờ,0,Tốt
Cao Bằng,11/09/2022,20:15,23°,Nhiều mây,22°/29°,97%,10 km,0.75 km/giờ,0,Khá
Bắc Kạn,11/09/2022,20:15,23°,Nhiều mây,22°/29°,98%,10 km,1.39 km/giờ,0,Khá
Tuyên Quang,11/09/2022,20:15,23°,Nhiều mây,22°/30°,98%,7.59 km,1 km/giờ,0,Tốt
Thái Nguyên,11/09/2022,20:15,29°,Nhiều mây,23°/30°,87%,10 km,1.17 km/giờ,0,Rất kém
Lạng Sơn,11/09/2022,20:15,24°,Nhiều mây,22°/31°,93%,10 km,1.49 km/giờ,0,Kém
Quảng Ninh,11/09/2022,20:15,26°,Nhiều mây,24°/33°,81%,10 km,0.58 km/giờ,0,Kém
Bắc Giang,11/09/2022,20:15,29°,Nhiều mây,23°/29°,80%,10 km,2.68 km/giờ,0,Rất kém
Phú Thọ,11/09/2022,20:15,25°,Nhiều mây,22°/29°,92%,10 km,1.55 km/giờ,0,Khá
Lào Cai,11/09/2022,20:15,24°,Nhiều mây,22°/31°,98%,10 km,0.73 km/giờ,0,Tốt
Điện Biên,11/09/2022,20:15,23°,Nhiều mây,22°/28°,99%,10 km,1.08 km/giờ,0,Tốt
Lai Châu,11/09/2022,20:15,24°,Nhiều mây,22°/29°,97%,10 km,0.8 km/giờ,0,Tốt
Sơn La,11/09/2022,20:15,22°,Nhiều mây,20°/27°,98%,10 km,0.87 km/giờ,0,Khá
Yên Bái,11/09/2022,20:15,25°,Nhiều mây,22°/29°,93%,5.84 km,1.34 km/giờ,0,Khá
Hoà Bình,11/09/2022,20:15,26°,Nhiều mây,23°/29°,90%,10 km,1.22 km/giờ,0,Khá
Hà Nội,11/09/2022,20:15,29°,Bầu trời quang đãng,23°/29°,79%,10 km,3.09 km/giờ,0,Rất kém
Vĩnh Phúc,11/09/2022,20:15,29°,Nhiều mây,23°/29°,84%,9.85 km,2.01 km/giờ,0,Kém
Bắc Ninh,11/09/2022,20:15,29°,Nhiều mây,23°/29°,84%,10 km,3.15 km/giờ,0,Rất kém
Hải Dương,11/09/2022,20:15,30°,Mây cụm,23°/30°,83%,10 km,2.65 km/giờ,0,Rất kém
Hải Phòng,11/09/2022,20:15,30°,Mây thưa,24°/31°,74%,10 km,2.06 km/giờ,0,Rất kém
Hưng Yên,11/09/2022,20:15,26°,Nhiều mây,23°/27°,86%,10 km,2.42 km/giờ,0,Rất kém
Thái Bình,11/09/2022,20:15,27°,Mây thưa,24°/30°,78%,10 km,2.93 km/giờ,0,Rất kém
Hà Nam,11/09/2022,20:15,26°,Nhiều mây,23°/27°,86%,10 km,2.3 km/giờ,0,Rất kém
Nam Định,11/09/2022,20:15,26°,Mây rải rác,24°/29°,81%,10 km,2.72 km/giờ,0,Rất kém
Ninh Bình,11/09/2022,20:15,25°,Nhiều mây,24°/28°,82%,10 km,2.32 km/giờ,0,Rất kém
Thanh Hóa,11/09/2022,20:15,26°,Nhiều mây,24°/31°,80%,10 km,1.9 km/giờ,0,Rất kém
Nghệ An,11/09/2022,20:15,27°,Mây thưa,24°/30°,83%,10 km,2.49 km/giờ,0,Khá
Hà Tĩnh,11/09/2022,20:15,26°,Bầu trời quang đãng,24°/31°,85%,10 km,2.32 km/giờ,0,Khá
Quảng Bình,11/09/2022,20:15,25°,Bầu trời quang đãng,23°/32°,91%,10 km,1.04 km/giờ,0,Tốt
Quảng Trị,11/09/2022,20:15,26°,Bầu trời quang đãng,23°/32°,84%,10 km,1.47 km/giờ,0,Kém
Thừa Thiên Huế,11/09/2022,20:15,29°,Mây rải rác,23°/31°,79%,10 km,1.54 km/giờ,0,Kém
Đà Nẵng,11/09/2022,20:15,29°,Mây thưa,25°/30°,74%,10 km,2.06 km/giờ,0,Kém
Quảng Nam,11/09/2022,20:15,25°,Mây rải rác,24°/30°,89%,10 km,0.51 km/giờ,0,Kém
Quảng Ngãi,11/09/2022,20:15,25°,Bầu trời quang đãng,23°/31°,90%,10 km,1.52 km/giờ,0,Kém
Bình Định,11/09/2022,20:15,27°,Mây cụm,25°/29°,80%,10 km,2.58 km/giờ,0,Kém
Phú Yên,11/09/2022,20:15,23°,Mây rải rác,22°/32°,90%,10 km,0.61 km/giờ,0,Khá
Khánh Hòa,11/09/2022,20:15,26°,Mây cụm,24°/32°,92%,10 km,0.49 km/giờ,0,Trung bình
Ninh Thuận,11/09/2022,20:15,26°,Mây rải rác,24°/31°,87%,10 km,0.64 km/giờ,0,Khá
Bình Thuận,11/09/2022,20:15,23°,Nhiều mây,21°/33°,95%,10 km,0.63 km/giờ,0,Tốt
Kon Tum,11/09/2022,20:15,21°,Mây thưa,19°/29°,95%,10 km,0.75 km/giờ,0,Tốt
Gia Lai,11/09/2022,20:15,22°,Mây thưa,20°/29°,94%,10 km,0.7 km/giờ,0,Khá
Đắk Lắk,11/09/2022,20:15,21°,Mây rải rác,19°/30°,98%,10 km,1.93 km/giờ,0,Tốt
Đắk Nông,11/09/2022,20:15,21°,Mây rải rác,19°/30°,98%,10 km,1.93 km/giờ,0,Tốt
Lâm Đồng,11/09/2022,20:15,20°,Nhiều mây,18°/30°,99%,6.69 km,0.17 km/giờ,0,Khá
Bình Phước,11/09/2022,20:15,23°,Mây cụm,22°/31°,96%,10 km,1.19 km/giờ,0,Tốt
Tây Ninh,11/09/2022,20:15,26°,Nhiều mây,24°/32°,86%,10 km,2.87 km/giờ,0,Rất kém
Bình Dương,11/09/2022,20:15,29°,Mây rải rác,23°/33°,79%,10 km,4.12 km/giờ,0,Kém
Đồng Nai,11/09/2022,20:15,29°,Nhiều mây,23°/33°,88%,10 km,3.11 km/giờ,0,Khá
Bà Rịa - Vũng Tàu,11/09/2022,20:15,25°,Mây cụm,22°/32°,89%,6.5 km,1.93 km/giờ,0,Tốt
Hồ Chí Minh,11/09/2022,20:15,29°,Mây rải rác,23°/33°,79%,10 km,4.12 km/giờ,0,Rất kém
Long An,11/09/2022,20:15,25°,Nhiều mây,23°/33°,91%,10 km,2.73 km/giờ,0,Kém
Tiền Giang,11/09/2022,20:15,25°,Nhiều mây,23°/33°,94%,10 km,1.81 km/giờ,0,Kém
Bến Tre,11/09/2022,20:15,25°,Mây cụm,23°/33°,95%,10 km,1.61 km/giờ,0,Kém
Trà Vinh,11/09/2022,20:15,25°,Nhiều mây,23°/32°,92%,10 km,1.79 km/giờ,0,Rất kém
Vĩnh Long,11/09/2022,20:15,24°,Nhiều mây,23°/33°,92%,10 km,2.63 km/giờ,0,Rất kém
Đồng Tháp,11/09/2022,20:15,24°,Nhiều mây,23°/33°,91%,10 km,3.39 km/giờ,0,Rất kém
An Giang,11/09/2022,20:15,24°,Nhiều mây,23°/33°,91%,10 km,3.12 km/giờ,0,Kém
Kiên Giang,11/09/2022,20:15,26°,Mưa nhẹ,24°/30°,87%,10 km,3.3 km/giờ,0,Tốt
Cần Thơ,11/09/2022,20:15,23°,Mây cụm,23°/32°,100%,8 km,0.51 km/giờ,0,Rất kém
Hậu Giang,11/09/2022,20:15,24°,Nhiều mây,23°/31°,94%,10 km,2.3 km/giờ,0,Kém
Sóc Trăng,11/09/2022,20:15,25°,Nhiều mây,24°/32°,94%,10 km,2.45 km/giờ,0,Rất kém
Bạc Liêu,11/09/2022,20:15,25°,Nhiều mây,24°/31°,91%,10 km,2.93 km/giờ,0,Khá
Cà Mau,11/09/2022,20:15,24°,Nhiều mây,23°/32°,94%,10 km,1.62 km/giờ,0,Tốt
